,date,open,close,high,low,volume,amount,amplitude,pct_chg,change,turnover_rate,symbol
0,2019-04-25,39.94,47.92,47.92,39.94,362,1728871.0,23.98,43.99,14.64,0.09,SZ300773
1,2019-04-26,52.71,52.71,52.71,52.71,110,579441.0,0.0,10.0,4.79,0.03,SZ300773
2,2019-04-29,57.98,57.98,57.98,57.98,578,3353273.0,0.0,10.0,5.27,0.14,SZ300773
3,2019-04-30,63.78,63.78,63.78,63.78,1207,7696651.0,0.0,10.0,5.8,0.3,SZ300773
4,2019-05-06,70.14,70.16,70.16,65.2,135155,933259728.0,7.78,10.0,6.38,33.78,SZ300773
5,2019-05-07,72.99,72.29,75.79,68.98,196261,1428819056.0,9.71,3.04,2.13,49.05,SZ300773
6,2019-05-08,69.0,68.87,71.96,68.01,116450,811254016.0,5.46,-4.73,-3.42,29.11,SZ300773
7,2019-05-09,69.2,70.2,73.49,68.98,113895,808139024.0,6.55,1.93,1.33,28.47,SZ300773
8,2019-05-10,69.0,70.2,70.95,65.51,119259,826649936.0,7.75,0.0,0.0,29.81,SZ300773
9,2019-05-13,68.13,66.92,69.47,66.71,89805,607889408.0,3.93,-4.67,-3.28,22.45,SZ300773
10,2019-05-14,65.3,61.96,66.3,60.34,109804,691589008.0,8.91,-7.41,-4.96,27.44,SZ300773
11,2019-05-15,62.02,63.0,64.97,61.35,88763,564397552.0,5.84,1.68,1.04,22.19,SZ300773
12,2019-05-16,62.35,62.3,62.6,59.78,84665,518100832.0,4.48,-1.11,-0.7,21.16,SZ300773
13,2019-05-17,61.78,60.83,63.85,60.69,74454,464230672.0,5.07,-2.36,-1.47,18.61,SZ300773
14,2019-05-20,59.78,57.37,60.23,56.0,64106,369444480.0,6.95,-5.69,-3.46,16.02,SZ300773
15,2019-05-21,57.05,57.42,58.24,56.71,47584,273711536.0,2.67,0.09,0.05,11.89,SZ300773
16,2019-05-22,57.89,55.75,57.89,55.3,55164,310567744.0,4.51,-2.91,-1.67,13.79,SZ300773
17,2019-05-23,56.0,56.7,57.73,55.3,62308,352031872.0,4.36,1.7,0.95,15.57,SZ300773
18,2019-05-24,56.08,57.79,60.0,55.71,72508,419389728.0,7.57,1.92,1.09,18.12,SZ300773
19,2019-05-27,57.5,58.37,58.98,56.63,56543,329005168.0,4.07,1.0,0.58,14.13,SZ300773
20,2019-05-28,58.0,57.34,59.36,57.01,55420,322540192.0,4.03,-1.76,-1.03,13.85,SZ300773
21,2019-05-29,56.35,58.21,58.68,55.3,59217,339692288.0,5.89,1.52,0.87,14.8,SZ300773
22,2019-05-30,57.51,58.3,58.48,55.75,50522,288710736.0,4.69,0.15,0.09,12.63,SZ300773
23,2019-05-31,58.37,60.47,62.23,58.3,102091,619227792.0,6.74,3.72,2.17,25.52,SZ300773
24,2019-06-03,59.35,55.9,60.0,55.36,77807,448251424.0,7.67,-7.56,-4.57,19.45,SZ300773
25,2019-06-04,55.5,53.01,55.95,52.9,51918,280170240.0,5.46,-5.17,-2.89,12.98,SZ300773
26,2019-06-05,53.7,52.7,53.9,52.31,31962,169636160.0,3.0,-0.58,-0.31,7.99,SZ300773
27,2019-06-06,52.28,50.63,52.82,50.01,38351,196173396.0,5.33,-3.93,-2.07,9.59,SZ300773
28,2019-06-10,50.92,51.78,52.22,50.25,34057,174424569.0,3.89,2.27,1.15,8.51,SZ300773
29,2019-06-11,51.48,53.71,54.1,50.86,51514,272279264.0,6.26,3.73,1.93,12.88,SZ300773
30,2019-06-12,53.0,51.96,53.6,51.88,43934,231269827.0,3.2,-3.26,-1.75,10.98,SZ300773
31,2019-06-13,52.0,50.97,52.01,50.5,40466,206986924.0,2.91,-1.91,-0.99,10.11,SZ300773
32,2019-06-14,51.32,50.35,52.8,50.33,39209,202055346.0,4.85,-1.22,-0.62,9.8,SZ300773
33,2019-06-17,49.07,48.3,49.3,47.79,43602,210918367.0,3.0,-4.07,-2.05,10.9,SZ300773
34,2019-06-18,50.0,53.13,53.13,49.66,60257,311191952.0,7.18,10.0,4.83,15.06,SZ300773
35,2019-06-19,58.44,58.44,58.44,58.44,54956,321164320.0,0.0,9.99,5.31,13.74,SZ300773
36,2019-06-20,58.42,57.0,62.8,55.55,166592,971556144.0,12.41,-2.46,-1.44,41.64,SZ300773
37,2019-06-21,56.07,58.03,60.65,56.0,133852,786443568.0,8.16,1.81,1.03,33.45,SZ300773
38,2019-06-24,57.23,56.08,59.0,54.7,82099,466340624.0,7.41,-3.36,-1.95,20.52,SZ300773
39,2019-06-25,55.5,54.5,55.7,53.35,52643,286120784.0,4.19,-2.82,-1.58,13.16,SZ300773
40,2019-06-26,53.5,53.7,54.51,53.18,33188,178813505.0,2.44,-1.47,-0.8,8.29,SZ300773
41,2019-06-27,53.99,53.96,55.32,53.69,35883,195298853.0,3.04,0.48,0.26,8.97,SZ300773
42,2019-06-28,53.4,51.78,53.48,51.03,39766,206801664.0,4.54,-4.04,-2.18,9.94,SZ300773
43,2019-07-01,52.97,55.74,56.5,52.6,64422,350376192.0,7.53,7.65,3.96,16.1,SZ300773
44,2019-07-02,55.95,54.64,55.95,54.0,37503,205174897.0,3.5,-1.97,-1.1,9.37,SZ300773
45,2019-07-03,54.15,53.95,54.63,53.3,24343,130953398.0,2.43,-1.26,-0.69,6.08,SZ300773
46,2019-07-04,54.45,54.32,55.5,53.8,31597,172647986.0,3.15,0.69,0.37,7.9,SZ300773
47,2019-07-05,54.07,56.04,56.91,54.05,60261,337702624.0,5.27,3.17,1.72,15.06,SZ300773
48,2019-07-08,55.44,52.51,55.44,51.6,53934,287386336.0,6.85,-6.3,-3.53,13.48,SZ300773
49,2019-07-09,51.99,53.07,53.59,51.78,28115,148210115.0,3.45,1.07,0.56,7.03,SZ300773
50,2019-07-10,52.89,51.85,53.49,51.5,24013,126075970.0,3.75,-2.3,-1.22,6.0,SZ300773
51,2019-07-11,52.07,52.26,52.78,51.42,18910,98526320.0,2.62,0.79,0.41,4.73,SZ300773
52,2019-07-12,52.37,52.6,52.91,51.89,17580,92211389.0,1.95,0.65,0.34,4.39,SZ300773
53,2019-07-15,52.95,57.86,57.86,52.61,49970,278451360.0,9.98,10.0,5.26,12.49,SZ300773
54,2019-07-16,57.88,58.06,59.38,57.1,69181,403423664.0,3.94,0.35,0.2,17.29,SZ300773
55,2019-07-17,57.36,59.08,62.56,56.88,77219,460252784.0,9.78,1.76,1.02,19.3,SZ300773
56,2019-07-18,58.55,56.89,59.07,56.53,45841,263184198.0,4.3,-3.71,-2.19,11.46,SZ300773
57,2019-07-19,57.2,57.83,60.87,57.2,52419,308526576.0,6.45,1.65,0.94,13.1,SZ300773
58,2019-07-22,58.0,59.04,60.45,54.81,62012,362270608.0,9.75,2.09,1.21,15.5,SZ300773
59,2019-07-23,58.0,61.79,61.99,57.8,63814,387909760.0,7.1,4.66,2.75,15.95,SZ300773
60,2019-07-24,61.2,61.2,62.6,60.06,65159,399136000.0,4.11,-0.95,-0.59,16.29,SZ300773
61,2019-07-25,60.66,62.01,63.93,60.66,65469,409234128.0,5.34,1.32,0.81,16.36,SZ300773
62,2019-07-26,61.45,60.69,61.88,59.78,41281,250789105.0,3.39,-2.13,-1.32,10.32,SZ300773
63,2019-07-29,60.48,59.63,60.81,58.91,39096,233044317.0,3.13,-1.75,-1.06,9.77,SZ300773
64,2019-07-30,59.27,59.56,61.25,59.18,40194,242224157.0,3.47,-0.12,-0.07,10.05,SZ300773
65,2019-07-31,59.1,59.87,60.3,58.13,30816,182863341.0,3.64,0.52,0.31,7.7,SZ300773
66,2019-08-01,59.4,60.51,61.39,59.03,37769,228548166.0,3.94,1.07,0.64,9.44,SZ300773
67,2019-08-02,58.93,58.94,60.48,58.1,40073,236940924.0,3.93,-2.59,-1.57,10.02,SZ300773
68,2019-08-05,58.87,59.94,60.35,58.51,41086,244590868.0,3.12,1.7,1.0,10.27,SZ300773
69,2019-08-06,58.11,55.41,59.1,54.15,68085,383967232.0,8.26,-7.56,-4.53,17.02,SZ300773
70,2019-08-07,56.02,53.97,56.44,53.6,41501,227704781.0,5.13,-2.6,-1.44,10.37,SZ300773
71,2019-08-08,54.45,54.87,55.19,54.0,27820,152027829.0,2.2,1.67,0.9,6.95,SZ300773
72,2019-08-09,55.02,53.22,55.7,52.81,32039,173140684.0,5.27,-3.01,-1.65,8.01,SZ300773
73,2019-08-12,53.2,54.93,54.99,52.62,43191,232269482.0,4.45,3.21,1.71,10.8,SZ300773
74,2019-08-13,54.12,54.0,54.58,53.7,26169,141473655.0,1.6,-1.69,-0.93,6.54,SZ300773
75,2019-08-14,55.25,55.07,56.13,54.75,42514,235392228.0,2.56,1.98,1.07,10.63,SZ300773
76,2019-08-15,53.51,55.61,56.1,53.35,34321,187830172.0,4.99,0.98,0.54,8.58,SZ300773
77,2019-08-16,55.01,54.83,56.47,54.81,42791,237872422.0,2.99,-1.4,-0.78,10.7,SZ300773
78,2019-08-19,55.49,58.53,59.6,54.95,69860,400917424.0,8.48,6.75,3.7,17.46,SZ300773
79,2019-08-20,58.8,58.78,59.45,58.1,47269,277907008.0,2.31,0.43,0.25,11.81,SZ300773
80,2019-08-21,58.79,58.38,59.43,57.8,30312,177581758.0,2.77,-0.68,-0.4,7.58,SZ300773
81,2019-08-22,58.27,58.09,58.96,57.24,26950,156489204.0,2.95,-0.5,-0.29,6.74,SZ300773
82,2019-08-23,58.68,58.5,59.99,57.59,40717,238948296.0,4.13,0.71,0.41,10.18,SZ300773
83,2019-08-26,56.92,55.2,57.14,55.02,42241,236734027.0,3.62,-5.64,-3.3,10.56,SZ300773
84,2019-08-27,55.86,56.97,57.39,55.35,37535,212367893.0,3.7,3.21,1.77,9.38,SZ300773
85,2019-08-28,57.0,57.73,58.18,56.2,38085,218303564.0,3.48,1.33,0.76,9.52,SZ300773
86,2019-08-29,57.6,56.9,58.88,56.81,36883,213470554.0,3.59,-1.44,-0.83,9.22,SZ300773
87,2019-08-30,57.5,55.95,58.85,55.81,48198,276937792.0,5.34,-1.67,-0.95,12.05,SZ300773
88,2019-09-02,56.05,57.2,58.01,55.03,45336,257057254.0,5.33,2.23,1.25,11.33,SZ300773
89,2019-09-03,57.15,58.49,58.57,57.15,50530,292850608.0,2.48,2.26,1.29,12.63,SZ300773
90,2019-09-04,58.1,59.0,59.32,57.45,54409,317817984.0,3.2,0.87,0.51,13.6,SZ300773
91,2019-09-05,60.0,64.9,64.9,60.0,64099,402127984.0,8.31,10.0,5.9,16.02,SZ300773
92,2019-09-06,66.8,65.13,71.0,65.11,132174,885156480.0,9.08,0.35,0.23,33.04,SZ300773
93,2019-09-09,66.44,67.26,69.0,65.46,95253,642208928.0,5.44,3.27,2.13,23.81,SZ300773
94,2019-09-10,66.6,69.93,73.12,66.1,102434,714749888.0,10.44,3.97,2.67,25.6,SZ300773
95,2019-09-11,69.96,70.49,72.48,68.44,79728,562761552.0,5.78,0.8,0.56,19.93,SZ300773
96,2019-09-12,71.0,69.79,72.48,69.53,66584,471040576.0,4.18,-0.99,-0.7,16.64,SZ300773
97,2019-09-16,70.8,72.0,76.7,70.7,88248,645007088.0,8.6,3.17,2.21,22.06,SZ300773
98,2019-09-17,72.4,68.0,72.5,64.8,75636,528411632.0,10.69,-5.56,-4.0,18.9,SZ300773
99,2019-09-18,68.75,70.16,70.4,67.29,77449,533455760.0,4.57,3.18,2.16,19.36,SZ300773
100,2019-09-19,69.7,71.0,71.2,69.17,67127,471438240.0,2.89,1.2,0.84,16.78,SZ300773
101,2019-09-20,70.58,69.5,72.0,68.63,62863,442463328.0,4.75,-2.11,-1.5,15.71,SZ300773
102,2019-09-23,69.24,69.4,69.96,68.22,49236,340704272.0,2.5,-0.14,-0.1,12.31,SZ300773
103,2019-09-24,70.0,71.43,74.74,69.25,100135,720970384.0,7.91,2.93,2.03,25.03,SZ300773
104,2019-09-25,69.62,70.57,72.5,68.5,71183,502662672.0,5.6,-1.2,-0.86,17.79,SZ300773
105,2019-09-26,71.14,63.51,71.64,63.51,103712,679520912.0,11.52,-10.0,-7.06,25.92,SZ300773
106,2019-09-27,62.0,61.74,63.88,61.2,56271,352362208.0,4.22,-2.79,-1.77,14.06,SZ300773
107,2019-09-30,61.98,59.97,62.76,59.92,35173,214857259.0,4.6,-2.87,-1.77,8.79,SZ300773
108,2019-10-08,60.5,60.76,61.48,59.98,28776,174944793.0,2.5,1.32,0.79,7.19,SZ300773
109,2019-10-09,60.21,60.86,60.86,58.71,33987,202882375.0,3.54,0.16,0.1,8.49,SZ300773
110,2019-10-10,60.57,62.2,62.28,60.4,36267,223536066.0,3.09,2.2,1.34,9.06,SZ300773
111,2019-10-11,62.3,62.43,63.5,60.41,44570,276746768.0,4.97,0.37,0.23,11.14,SZ300773
112,2019-10-14,63.54,62.94,64.33,62.49,41937,265535515.0,2.95,0.82,0.51,10.48,SZ300773
113,2019-10-15,62.36,59.8,62.36,59.74,36616,222266399.0,4.16,-4.99,-3.14,9.15,SZ300773
114,2019-10-16,60.5,62.86,64.39,60.4,54284,342432608.0,6.67,5.12,3.06,13.57,SZ300773
115,2019-10-17,62.2,62.36,63.01,61.65,28967,180584728.0,2.16,-0.8,-0.5,7.24,SZ300773
116,2019-10-18,62.6,62.76,63.97,62.39,35212,222474945.0,2.53,0.64,0.4,8.8,SZ300773
117,2019-10-21,62.68,60.87,62.68,59.18,28995,175170591.0,5.58,-3.01,-1.89,7.25,SZ300773
118,2019-10-22,61.02,63.18,63.34,60.66,30962,192739472.0,4.4,3.79,2.31,7.74,SZ300773
119,2019-10-23,62.52,61.33,62.56,60.56,37840,232108837.0,3.17,-2.93,-1.85,9.46,SZ300773
120,2019-10-24,60.71,59.45,61.12,59.37,35664,213460325.0,2.85,-3.07,-1.88,8.91,SZ300773
121,2019-10-25,59.41,58.22,59.45,56.31,41926,241544154.0,5.28,-2.07,-1.23,10.48,SZ300773
122,2019-10-28,61.0,63.58,63.99,60.0,71878,449504240.0,6.85,9.21,5.36,17.97,SZ300773
123,2019-10-29,62.61,60.25,62.99,60.0,53310,329756592.0,4.7,-5.24,-3.33,13.32,SZ300773
124,2019-10-30,59.69,58.92,60.95,58.42,32714,194393185.0,4.2,-2.21,-1.33,8.18,SZ300773
125,2019-10-31,58.9,57.86,59.18,57.58,22523,130914332.0,2.72,-1.8,-1.06,5.63,SZ300773
126,2019-11-01,57.2,58.49,58.65,57.2,21059,122169011.0,2.51,1.09,0.63,5.26,SZ300773
127,2019-11-04,58.13,58.53,59.48,58.13,22807,134095213.0,2.31,0.07,0.04,5.7,SZ300773
128,2019-11-05,58.9,58.8,59.08,57.56,21181,123816321.0,2.6,0.46,0.27,5.29,SZ300773
129,2019-11-06,58.71,57.29,58.75,56.76,22132,127322602.0,3.38,-2.57,-1.51,5.53,SZ300773
130,2019-11-07,57.0,57.64,57.85,56.7,13334,76747160.0,2.01,0.61,0.35,3.33,SZ300773
131,2019-11-08,57.96,57.89,58.98,57.68,23205,135441074.0,2.26,0.43,0.25,5.8,SZ300773
132,2019-11-11,54.7,54.57,55.95,54.5,28729,158198057.0,2.5,-5.74,-3.32,7.18,SZ300773
133,2019-11-12,54.8,55.0,55.07,53.52,18844,102221832.0,2.84,0.79,0.43,4.71,SZ300773
134,2019-11-13,55.0,54.19,55.0,54.02,11166,60715736.0,1.78,-1.47,-0.81,2.79,SZ300773
135,2019-11-14,54.28,54.48,54.74,53.6,14403,78236652.0,2.1,0.54,0.29,3.6,SZ300773
136,2019-11-15,54.4,53.47,54.4,53.08,19350,103681285.0,2.42,-1.85,-1.01,4.84,SZ300773
137,2019-11-18,53.08,54.6,54.79,52.88,21136,114387139.0,3.57,2.11,1.13,5.28,SZ300773
138,2019-11-19,54.26,54.77,54.98,54.26,22881,125058451.0,1.32,0.31,0.17,5.72,SZ300773
139,2019-11-20,54.39,49.29,54.75,49.29,56203,288904096.0,9.97,-10.01,-5.48,14.05,SZ300773
140,2019-11-21,45.94,48.18,48.97,45.94,76276,358783488.0,6.15,-2.25,-1.11,19.06,SZ300773
141,2019-11-22,47.0,48.1,49.66,46.92,51746,250129684.0,5.69,-0.17,-0.08,12.93,SZ300773
142,2019-11-25,48.48,47.88,48.89,47.01,28813,138112370.0,3.91,-0.46,-0.22,7.2,SZ300773
143,2019-11-26,48.08,47.28,48.08,47.01,15832,75400172.0,2.23,-1.25,-0.6,3.96,SZ300773
144,2019-11-27,47.27,46.97,47.39,46.0,23592,110141030.0,2.94,-0.66,-0.31,5.9,SZ300773
145,2019-11-28,46.82,46.47,47.26,46.12,16880,78686978.0,2.43,-1.06,-0.5,4.22,SZ300773
146,2019-11-29,46.7,48.02,49.1,46.34,33549,160997499.0,5.94,3.34,1.55,8.39,SZ300773
147,2019-12-02,48.0,48.25,48.56,47.3,21372,102497228.0,2.62,0.48,0.23,5.34,SZ300773
148,2019-12-03,48.0,48.75,48.96,47.71,22269,107931952.0,2.59,1.04,0.5,5.57,SZ300773
149,2019-12-04,48.4,49.1,49.24,48.11,22013,107334572.0,2.32,0.72,0.35,5.5,SZ300773
150,2019-12-05,49.11,51.6,51.82,49.02,41287,209352126.0,5.7,5.09,2.5,10.32,SZ300773
151,2019-12-06,52.5,56.76,56.76,51.86,77027,427164160.0,9.5,10.0,5.16,19.25,SZ300773
152,2019-12-09,58.68,57.53,58.8,56.04,66996,385652800.0,4.86,1.36,0.77,16.74,SZ300773
153,2019-12-10,57.14,57.66,58.25,56.51,39584,227899462.0,3.02,0.23,0.13,9.89,SZ300773
154,2019-12-11,58.2,57.85,59.55,57.37,38620,225391620.0,3.78,0.33,0.19,9.65,SZ300773
155,2019-12-12,57.61,57.48,58.94,57.3,29923,173890535.0,2.83,-0.64,-0.37,7.48,SZ300773
156,2019-12-13,58.7,59.51,60.93,58.56,47132,280827600.0,4.12,3.53,2.03,11.78,SZ300773
157,2019-12-16,60.0,60.34,60.8,59.0,32561,195687174.0,3.02,1.39,0.83,8.14,SZ300773
158,2019-12-17,60.23,60.23,61.33,58.98,41466,249229906.0,3.89,-0.18,-0.11,10.36,SZ300773
159,2019-12-18,60.01,60.64,61.83,59.6,30573,186080157.0,3.7,0.68,0.41,7.64,SZ300773
160,2019-12-19,60.7,60.98,61.86,60.64,23820,145834283.0,2.01,0.56,0.34,5.95,SZ300773
161,2019-12-20,60.8,61.6,62.45,59.75,29390,180069729.0,4.43,1.02,0.62,7.35,SZ300773
162,2019-12-23,61.02,58.45,61.18,57.88,32660,193530783.0,5.36,-5.11,-3.15,8.16,SZ300773
163,2019-12-24,59.26,59.84,60.3,59.11,18874,112725750.0,2.04,2.38,1.39,4.72,SZ300773
164,2019-12-25,60.27,60.41,61.37,60.0,18227,110662859.0,2.29,0.95,0.57,4.56,SZ300773
165,2019-12-26,60.82,60.68,61.18,59.68,15788,95349519.0,2.48,0.45,0.27,3.95,SZ300773
166,2019-12-27,60.68,66.75,66.75,60.68,2197,14535578.0,10.0,10.0,6.07,0.55,SZ300773
167,2019-12-30,73.43,73.43,73.43,73.43,8374,61492484.0,0.0,10.01,6.68,2.09,SZ300773
168,2019-12-31,80.0,78.47,80.77,76.69,147089,1160724816.0,5.56,6.86,5.04,36.76,SZ300773
169,2020-01-02,76.88,81.15,84.5,75.81,114590,921404848.0,11.07,3.42,2.68,28.64,SZ300773
170,2020-01-03,80.17,81.98,83.25,79.17,89201,723822640.0,5.03,1.02,0.83,22.29,SZ300773
171,2020-01-06,79.05,79.57,81.25,78.78,68641,547257936.0,3.01,-2.94,-2.41,17.16,SZ300773
172,2020-01-07,79.6,82.36,84.38,78.8,82203,669309840.0,7.01,3.51,2.79,20.55,SZ300773
173,2020-01-08,82.4,79.02,82.95,78.73,64942,522130096.0,5.12,-4.06,-3.34,16.23,SZ300773
174,2020-01-09,80.66,79.7,81.38,78.98,42744,341622624.0,3.04,0.86,0.68,10.68,SZ300773
175,2020-01-10,80.79,80.01,82.5,79.0,60259,488507536.0,4.39,0.39,0.31,15.06,SZ300773
176,2020-01-13,79.0,80.79,81.23,77.6,48749,388443648.0,4.54,0.97,0.78,12.18,SZ300773
177,2020-01-14,81.0,82.4,82.4,79.92,52605,428118304.0,3.07,1.99,1.61,13.15,SZ300773
178,2020-01-15,82.04,79.85,82.06,78.91,52168,417301520.0,3.82,-3.09,-2.55,13.04,SZ300773
179,2020-01-16,79.85,80.05,80.76,79.33,29038,232792861.0,1.79,0.25,0.2,7.26,SZ300773
180,2020-01-17,80.92,80.06,82.35,79.81,39007,315933200.0,3.17,0.01,0.01,9.75,SZ300773
181,2020-01-20,80.2,86.5,87.96,79.4,69235,576745920.0,10.69,8.04,6.44,17.3,SZ300773
182,2020-01-21,85.35,81.95,85.64,81.8,51919,434260640.0,4.44,-5.26,-4.55,12.98,SZ300773
183,2020-01-22,80.9,81.8,82.47,79.5,43035,348022032.0,3.62,-0.18,-0.15,10.76,SZ300773
184,2020-01-23,81.5,77.39,82.38,74.34,44218,349649888.0,9.83,-5.39,-4.41,11.05,SZ300773
185,2020-02-03,69.65,69.65,69.65,69.65,8592,59843280.0,0.0,-10.0,-7.74,2.15,SZ300773
186,2020-02-04,67.07,70.4,71.5,67.07,49511,346543584.0,6.36,1.08,0.75,12.37,SZ300773
187,2020-02-05,71.5,71.8,73.51,71.1,38242,276634768.0,3.42,1.99,1.4,9.56,SZ300773
188,2020-02-06,71.0,72.88,73.49,70.4,40888,295460128.0,4.3,1.5,1.08,10.22,SZ300773
189,2020-02-07,72.5,74.46,74.68,71.79,42211,310164816.0,3.97,2.17,1.58,10.55,SZ300773
190,2020-02-10,74.67,77.3,78.85,74.67,44485,343419088.0,5.61,3.81,2.84,11.12,SZ300773
191,2020-02-11,77.05,75.45,77.28,74.88,26593,201376167.0,3.1,-2.39,-1.85,6.65,SZ300773
192,2020-02-12,75.8,76.63,76.99,74.9,25599,194646589.0,2.77,1.56,1.18,6.4,SZ300773
193,2020-02-13,76.4,74.81,77.18,74.61,30230,228102953.0,3.35,-2.38,-1.82,7.56,SZ300773
194,2020-02-14,76.03,80.61,81.68,75.33,54393,430839376.0,8.49,7.75,5.8,13.59,SZ300773
195,2020-02-17,81.49,81.86,82.28,79.5,41900,339800592.0,3.45,1.55,1.25,10.47,SZ300773
196,2020-02-18,81.0,86.26,87.43,80.96,49139,413401712.0,7.9,5.38,4.4,12.28,SZ300773
197,2020-02-19,85.9,92.13,94.89,84.61,72210,659676160.0,11.92,6.81,5.87,18.05,SZ300773
198,2020-02-20,91.5,92.8,94.6,90.3,42414,392458784.0,4.67,0.73,0.67,10.6,SZ300773
199,2020-02-21,92.0,92.15,96.69,91.28,58975,553230176.0,5.83,-0.7,-0.65,14.74,SZ300773
200,2020-02-24,100.0,96.8,101.37,96.5,85307,845139456.0,5.28,5.05,4.65,21.32,SZ300773
201,2020-02-25,93.51,96.0,98.5,90.69,65272,622749664.0,8.07,-0.83,-0.8,16.31,SZ300773
202,2020-02-26,94.18,89.87,94.68,89.59,50527,464095904.0,5.3,-6.39,-6.13,12.63,SZ300773
203,2020-02-27,91.62,89.86,92.38,88.51,35171,318284128.0,4.31,-0.01,-0.01,8.79,SZ300773
204,2020-02-28,85.38,84.03,87.78,83.7,42944,368768496.0,4.54,-6.49,-5.83,10.73,SZ300773
205,2020-03-02,86.38,86.95,88.2,84.87,34019,294355776.0,3.96,3.47,2.92,8.5,SZ300773
206,2020-03-03,88.17,87.5,91.07,86.4,40581,360563504.0,5.37,0.63,0.55,10.14,SZ300773
207,2020-03-04,87.12,86.66,87.98,84.7,30635,263520184.0,3.75,-0.96,-0.84,7.66,SZ300773
208,2020-03-05,87.97,87.16,88.4,85.83,33386,290917616.0,2.97,0.58,0.5,8.34,SZ300773
209,2020-03-06,85.95,85.87,86.87,85.0,22189,190937350.0,2.15,-1.48,-1.29,5.55,SZ300773
210,2020-03-09,84.49,81.39,85.49,81.38,37042,308476608.0,4.79,-5.22,-4.48,9.26,SZ300773
211,2020-03-10,80.29,83.36,83.84,79.3,35204,287535872.0,5.58,2.42,1.97,8.8,SZ300773
212,2020-03-11,83.45,81.4,83.96,81.3,22761,188524557.0,3.19,-2.35,-1.96,5.69,SZ300773
213,2020-03-12,80.0,79.7,81.0,78.5,23748,189436557.0,3.07,-2.09,-1.7,5.94,SZ300773
214,2020-03-13,73.88,78.05,79.4,73.76,27311,208648641.0,7.08,-2.07,-1.65,6.83,SZ300773
215,2020-03-16,78.45,76.3,82.49,75.36,43008,341573280.0,9.14,-2.24,-1.75,10.75,SZ300773
216,2020-03-17,76.45,76.94,78.0,73.54,29481,224101383.0,5.85,0.84,0.64,7.37,SZ300773
217,2020-03-18,77.88,77.38,81.3,77.0,35625,281733792.0,5.59,0.57,0.44,8.9,SZ300773
218,2020-03-19,77.55,80.05,80.11,77.5,29699,233894235.0,3.37,3.45,2.67,7.42,SZ300773
219,2020-03-20,81.0,78.72,81.14,77.65,25945,205579237.0,4.36,-1.66,-1.33,6.48,SZ300773
220,2020-03-23,76.59,73.02,76.6,73.02,26725,200073115.0,4.55,-7.24,-5.7,6.68,SZ300773
221,2020-03-24,74.61,75.49,75.49,72.74,23857,178029572.0,3.77,3.38,2.47,5.96,SZ300773
222,2020-03-25,77.5,76.4,78.18,75.6,24113,184778585.0,3.42,1.21,0.91,6.03,SZ300773
223,2020-03-26,75.0,74.14,75.82,74.05,17040,127428438.0,2.32,-2.96,-2.26,4.26,SZ300773
224,2020-03-27,75.5,74.75,75.88,74.15,17731,133203988.0,2.33,0.82,0.61,4.43,SZ300773
225,2020-03-30,73.03,71.24,73.03,69.0,24035,170728957.0,5.39,-4.7,-3.51,6.01,SZ300773
226,2020-03-31,71.98,72.23,72.59,71.5,15422,111114321.0,1.53,1.39,0.99,3.85,SZ300773
227,2020-04-01,72.48,72.3,73.64,71.55,13352,97024764.0,2.89,0.1,0.07,3.34,SZ300773
228,2020-04-02,71.0,77.59,77.9,71.0,32644,248098372.0,9.54,7.32,5.29,8.16,SZ300773
229,2020-04-03,77.4,78.17,78.68,76.66,24850,193311172.0,2.6,0.75,0.58,6.21,SZ300773
230,2020-04-07,80.5,81.98,81.98,79.3,34975,282251456.0,3.43,4.87,3.81,8.74,SZ300773
231,2020-04-08,80.8,81.52,82.36,80.5,23730,192597109.0,2.27,-0.56,-0.46,5.93,SZ300773
232,2020-04-09,81.55,81.0,82.18,80.71,19109,155243688.0,1.8,-0.64,-0.52,4.78,SZ300773
233,2020-04-10,81.5,81.58,84.5,81.0,53610,443766032.0,4.32,0.72,0.58,13.4,SZ300773
234,2020-04-13,79.76,73.85,79.77,73.42,47359,353650256.0,7.78,-9.48,-7.73,11.84,SZ300773
235,2020-04-14,73.95,74.97,75.14,72.9,24711,182780529.0,3.03,1.52,1.12,6.18,SZ300773
236,2020-04-15,75.75,76.78,79.8,75.75,35507,277175280.0,5.4,2.41,1.81,8.87,SZ300773
237,2020-04-16,76.6,78.08,78.88,75.75,22494,174126407.0,4.08,1.69,1.3,5.62,SZ300773
238,2020-04-17,80.98,80.15,81.95,79.66,35810,288802864.0,2.93,2.65,2.07,8.95,SZ300773
239,2020-04-20,79.91,79.81,81.09,78.89,24416,194571643.0,2.74,-0.42,-0.34,6.1,SZ300773
240,2020-04-21,79.5,78.17,79.5,77.0,22230,173490724.0,3.13,-2.05,-1.64,5.56,SZ300773
241,2020-04-22,78.49,77.48,78.49,76.35,18308,141648488.0,2.74,-0.88,-0.69,4.58,SZ300773
242,2020-04-23,77.83,76.0,77.83,75.72,18035,138059273.0,2.72,-1.91,-1.48,4.51,SZ300773
243,2020-04-24,76.05,74.89,77.37,74.67,19549,148398555.0,3.55,-1.46,-1.11,4.89,SZ300773
244,2020-04-27,74.88,69.18,74.9,68.0,54706,380216432.0,9.21,-7.62,-5.71,3.2,SZ300773
245,2020-04-28,69.01,66.91,69.2,63.92,40437,269356928.0,7.63,-3.28,-2.27,2.37,SZ300773
246,2020-04-29,66.97,66.96,67.5,66.05,30288,203060299.0,2.17,0.07,0.05,1.77,SZ300773
247,2020-04-30,67.44,69.6,69.78,66.96,65609,445835136.0,4.21,3.94,2.64,3.84,SZ300773
248,2020-05-06,67.89,69.68,70.17,67.18,45774,314458912.0,4.3,0.11,0.08,2.68,SZ300773
249,2020-05-07,69.5,71.23,73.58,69.38,55273,397633328.0,6.03,2.22,1.55,3.24,SZ300773
250,2020-05-08,71.8,71.57,72.64,71.18,41177,295931920.0,2.05,0.48,0.34,2.41,SZ300773
251,2020-05-11,72.0,69.21,72.25,69.08,54365,382847456.0,4.43,-3.3,-2.36,3.18,SZ300773
252,2020-05-12,69.51,71.73,72.37,68.7,54056,383921728.0,5.3,3.64,2.52,3.16,SZ300773
253,2020-05-13,71.58,72.57,73.02,71.01,52489,379965088.0,2.8,1.17,0.84,3.07,SZ300773
254,2020-05-14,72.45,71.75,72.78,71.18,38342,276742560.0,2.2,-1.13,-0.82,2.24,SZ300773
255,2020-05-15,72.31,71.54,72.9,71.52,39202,283167584.0,1.92,-0.29,-0.21,2.29,SZ300773
256,2020-05-18,71.04,69.3,71.5,69.01,39633,277725728.0,3.48,-3.13,-2.24,2.32,SZ300773
257,2020-05-19,70.47,71.08,72.27,70.0,45557,324879920.0,3.28,2.57,1.78,2.67,SZ300773
258,2020-05-20,71.82,71.91,73.84,71.6,56420,410309040.0,3.15,1.17,0.83,3.3,SZ300773
259,2020-05-21,72.3,69.77,72.85,69.69,50013,356350192.0,4.39,-2.98,-2.14,2.93,SZ300773
260,2020-05-22,69.01,66.0,69.23,65.63,52773,352269680.0,5.16,-5.4,-3.77,3.09,SZ300773
261,2020-05-25,65.99,66.08,66.49,64.8,24337,159951608.0,2.56,0.12,0.08,1.27,SZ300773
262,2020-05-26,68.57,72.69,72.69,67.9,86239,612507568.0,7.25,10.0,6.61,4.5,SZ300773
263,2020-05-27,73.75,73.45,75.14,72.89,94625,701719680.0,3.1,1.05,0.76,4.94,SZ300773
264,2020-05-28,73.5,71.2,73.97,70.02,71843,512621760.0,5.38,-3.06,-2.25,3.75,SZ300773
265,2020-05-29,71.32,72.04,72.38,70.68,60564,434858752.0,2.39,1.18,0.84,3.16,SZ300773
266,2020-06-01,72.14,72.38,73.0,68.42,140102,488837696.0,6.36,0.47,0.34,3.66,SZ300773
267,2020-06-02,71.84,71.14,72.34,70.2,100791,348774768.0,2.96,-1.71,-1.24,2.63,SZ300773
268,2020-06-03,71.16,73.6,74.38,70.24,155506,550567648.0,5.82,3.46,2.46,4.06,SZ300773
269,2020-06-04,72.58,70.7,72.58,70.42,120260,416540928.0,2.93,-3.94,-2.9,3.14,SZ300773
270,2020-06-05,69.88,70.32,71.36,69.74,65722,225105714.0,2.29,-0.54,-0.38,1.72,SZ300773
271,2020-06-08,70.1,68.64,70.96,68.52,74387,252171113.0,3.47,-2.39,-1.68,1.94,SZ300773
272,2020-06-09,68.7,69.58,69.58,67.6,56657,189720767.0,2.88,1.37,0.94,1.48,SZ300773
273,2020-06-10,69.56,70.28,70.3,68.16,60577,203368049.0,3.08,1.01,0.7,1.58,SZ300773
274,2020-06-11,70.0,69.66,70.76,69.2,80545,273550320.0,2.22,-0.88,-0.62,2.1,SZ300773
275,2020-06-12,67.6,69.32,69.84,67.36,78725,263118909.0,3.56,-0.49,-0.34,2.06,SZ300773
276,2020-06-15,69.0,68.56,70.28,68.56,71678,241655179.0,2.48,-1.1,-0.76,1.87,SZ300773
277,2020-06-16,68.98,70.48,71.28,68.98,100434,343093760.0,3.35,2.8,1.92,2.62,SZ300773
278,2020-06-17,70.94,69.7,70.96,68.8,80659,272126304.0,3.06,-1.11,-0.78,2.11,SZ300773
279,2020-06-18,69.64,69.06,69.74,68.84,51750,173725623.0,1.29,-0.92,-0.64,1.35,SZ300773
280,2020-06-19,69.24,69.54,69.8,68.36,66402,223177777.0,2.09,0.7,0.48,1.73,SZ300773
281,2020-06-22,69.96,69.32,70.68,69.2,106422,361072736.0,2.13,-0.32,-0.22,2.78,SZ300773
282,2020-06-23,69.6,67.92,69.62,67.52,116357,385257760.0,3.03,-2.02,-1.4,3.04,SZ300773
283,2020-06-24,67.92,68.74,69.52,67.62,93722,313062976.0,2.8,1.21,0.82,2.45,SZ300773
284,2020-06-29,69.0,68.8,69.66,68.6,71465,239869206.0,1.54,0.09,0.06,1.87,SZ300773
285,2020-06-30,69.02,71.54,72.18,68.84,189680,653275456.0,4.85,3.98,2.74,4.95,SZ300773
286,2020-07-01,72.52,71.5,72.86,70.4,132659,459065824.0,3.44,-0.06,-0.04,3.46,SZ300773
287,2020-07-02,71.34,72.02,72.14,70.62,132378,459676128.0,2.13,0.73,0.52,3.46,SZ300773
288,2020-07-03,72.6,73.96,76.12,72.6,220443,796138160.0,4.89,2.69,1.94,5.76,SZ300773
289,2020-07-06,75.1,78.26,79.1,74.36,312558,1161127760.0,6.41,5.81,4.3,8.16,SZ300773
290,2020-07-07,80.02,77.36,80.44,75.76,360613,1366807040.0,5.98,-1.15,-0.9,9.42,SZ300773
291,2020-07-08,76.66,79.0,79.28,76.56,306741,1164785472.0,3.52,2.12,1.64,8.01,SZ300773
292,2020-07-09,80.2,86.7,86.7,79.04,554746,2290784896.0,9.7,9.75,7.7,14.48,SZ300773
293,2020-07-10,88.18,87.84,91.32,85.02,435563,1878065952.0,7.27,1.31,1.14,11.37,SZ300773
294,2020-07-13,89.8,90.78,92.6,88.32,324200,1426603184.0,4.87,3.35,2.94,8.46,SZ300773
295,2020-07-14,89.56,84.8,89.6,83.0,368873,1558227632.0,7.27,-6.59,-5.98,9.63,SZ300773
296,2020-07-15,84.82,79.32,85.6,78.9,281803,1119410400.0,7.9,-6.46,-5.48,7.36,SZ300773
297,2020-07-16,80.82,76.2,81.12,75.4,205358,784151712.0,7.21,-3.93,-3.12,5.36,SZ300773
298,2020-07-17,76.6,76.32,77.6,75.1,143702,533292544.0,3.28,0.16,0.12,3.75,SZ300773
299,2020-07-20,77.54,79.04,79.1,75.38,147913,556522272.0,4.87,3.56,2.72,3.86,SZ300773
300,2020-07-21,81.84,81.14,83.0,79.78,200620,795347488.0,4.07,2.66,2.1,5.24,SZ300773
301,2020-07-22,80.36,81.34,82.86,79.96,188696,749133408.0,3.57,0.25,0.2,4.93,SZ300773
302,2020-07-23,80.06,79.1,81.14,77.46,154454,596943456.0,4.52,-2.75,-2.24,4.03,SZ300773
303,2020-07-24,78.06,72.36,79.2,72.1,223014,814951440.0,8.98,-8.52,-6.74,5.82,SZ300773
304,2020-07-27,73.4,73.14,73.68,71.42,100106,352732672.0,3.12,1.08,0.78,2.61,SZ300773
305,2020-07-28,73.32,74.26,75.0,72.7,102348,367119264.0,3.14,1.53,1.12,2.67,SZ300773
306,2020-07-29,73.7,75.64,75.76,73.4,139984,509451136.0,3.18,1.86,1.38,3.65,SZ300773
307,2020-07-30,75.64,73.96,75.7,73.82,120854,437909152.0,2.49,-2.22,-1.68,3.16,SZ300773
308,2020-07-31,73.8,74.58,75.28,73.7,117427,425255488.0,2.14,0.84,0.62,3.07,SZ300773
309,2020-08-03,74.8,75.94,76.26,74.36,169645,624002880.0,2.55,1.82,1.36,4.43,SZ300773
310,2020-08-04,76.46,77.98,78.78,75.9,204104,771740064.0,3.79,2.69,2.04,5.33,SZ300773
311,2020-08-05,78.26,77.62,78.26,76.4,102403,385709616.0,2.39,-0.46,-0.36,2.67,SZ300773
312,2020-08-06,78.2,81.52,82.6,77.94,268502,1061978816.0,6.0,5.02,3.9,7.01,SZ300773
313,2020-08-07,81.98,82.0,82.32,79.04,214411,849145552.0,4.02,0.59,0.48,5.6,SZ300773
314,2020-08-10,81.82,80.34,82.56,80.04,155784,614700032.0,3.07,-2.02,-1.66,4.07,SZ300773
315,2020-08-11,80.54,75.3,80.74,74.84,178249,674183136.0,7.34,-6.27,-5.04,4.65,SZ300773
316,2020-08-12,74.18,72.2,74.18,69.54,200334,698515904.0,6.16,-4.12,-3.1,5.23,SZ300773
317,2020-08-13,72.0,71.96,73.06,71.72,76878,269900544.0,1.86,-0.33,-0.24,2.01,SZ300773
318,2020-08-14,70.88,73.38,73.62,70.88,89748,317057728.0,3.81,1.97,1.42,2.34,SZ300773
319,2020-08-17,74.1,75.56,76.42,74.0,112997,414659344.0,3.3,2.97,2.18,2.95,SZ300773
320,2020-08-18,75.9,77.32,78.6,75.6,153163,578946192.0,3.97,2.33,1.76,4.0,SZ300773
321,2020-08-19,77.4,76.54,78.86,76.54,128153,485038096.0,3.0,-1.01,-0.78,3.35,SZ300773
322,2020-08-20,76.14,75.4,78.4,74.9,143892,538159888.0,4.57,-1.49,-1.14,3.76,SZ300773
323,2020-08-21,76.16,73.84,76.6,73.0,150181,544849344.0,4.77,-2.07,-1.56,3.92,SZ300773
324,2020-08-24,74.1,77.68,79.0,73.8,209339,785945240.0,7.04,5.2,3.84,5.47,SZ300773
325,2020-08-25,78.02,79.0,79.82,77.68,232030,892224560.0,2.75,1.7,1.32,6.06,SZ300773
326,2020-08-26,79.2,73.48,79.46,73.32,264515,972406226.0,7.77,-6.99,-5.52,6.91,SZ300773
327,2020-08-27,73.14,74.28,74.78,71.76,138851,494599468.0,4.11,1.09,0.8,3.63,SZ300773
328,2020-08-28,73.76,75.36,75.58,73.28,116014,421135372.0,3.1,1.45,1.08,3.03,SZ300773
329,2020-08-31,75.8,79.0,81.88,75.8,309179,1193736944.0,8.07,4.83,3.64,8.07,SZ300773
330,2020-09-01,79.0,79.2,80.96,78.22,211675,818675256.0,3.47,0.25,0.2,5.53,SZ300773
331,2020-09-02,80.0,79.52,80.6,77.42,236201,911289520.0,4.02,0.4,0.32,6.17,SZ300773
332,2020-09-03,79.8,77.7,80.5,77.56,171513,657523664.0,3.7,-2.29,-1.82,4.48,SZ300773
333,2020-09-04,76.0,76.32,77.0,74.72,151899,561890544.0,2.93,-1.78,-1.38,3.97,SZ300773
334,2020-09-07,76.84,78.54,80.94,76.8,249391,965665315.0,5.42,2.91,2.22,6.51,SZ300773
335,2020-09-08,79.38,78.12,79.42,76.4,164252,623454644.0,3.85,-0.53,-0.42,4.29,SZ300773
336,2020-09-09,77.06,74.9,77.42,73.14,196655,722209214.0,5.48,-4.12,-3.22,5.13,SZ300773
337,2020-09-10,76.2,77.42,81.66,76.2,338658,1304018150.0,7.29,3.36,2.52,8.84,SZ300773
338,2020-09-11,75.4,81.06,81.06,75.32,351982,1367700003.0,7.41,4.7,3.64,9.19,SZ300773
339,2020-09-14,81.98,82.28,83.84,79.26,416459,1658662072.0,5.65,1.51,1.22,10.87,SZ300773
340,2020-09-15,81.3,85.76,86.68,80.52,479787,1962659404.0,7.49,4.23,3.48,12.53,SZ300773
341,2020-09-16,84.72,85.4,86.56,83.02,330971,1365787818.0,4.13,-0.42,-0.36,8.64,SZ300773
342,2020-09-17,85.5,82.42,86.62,82.26,302059,1239171020.0,5.11,-3.49,-2.98,7.89,SZ300773
343,2020-09-18,81.64,88.06,89.46,80.96,449369,1880642076.0,10.31,6.84,5.64,11.73,SZ300773
344,2020-09-21,88.18,87.16,88.88,86.2,258312,1103412500.0,3.04,-1.02,-0.9,6.74,SZ300773
345,2020-09-22,85.6,83.88,86.8,83.16,268850,1113455808.0,4.18,-3.76,-3.28,7.02,SZ300773
346,2020-09-23,84.46,84.52,84.86,81.76,205849,837278052.0,3.7,0.76,0.64,5.37,SZ300773
347,2020-09-24,83.2,82.3,83.84,81.78,161197,650352223.0,2.44,-2.63,-2.22,4.21,SZ300773
348,2020-09-25,82.8,79.96,83.86,79.8,159987,637061444.0,4.93,-2.84,-2.34,4.18,SZ300773
349,2020-09-28,80.12,77.18,80.66,77.12,147475,563924448.0,4.43,-3.48,-2.78,3.85,SZ300773
350,2020-09-29,77.38,77.36,78.6,77.3,107154,406640736.0,1.68,0.23,0.18,2.8,SZ300773
351,2020-09-30,77.86,78.32,79.92,77.22,117436,449933744.0,3.49,1.24,0.96,3.07,SZ300773
352,2020-10-09,80.4,79.76,80.66,78.98,161871,627727008.0,2.15,1.84,1.44,4.23,SZ300773
353,2020-10-12,81.44,82.36,84.58,81.4,233209,942574086.0,3.99,3.26,2.6,6.09,SZ300773
354,2020-10-13,81.2,81.96,82.28,80.08,175853,696192494.0,2.67,-0.49,-0.4,4.59,SZ300773
355,2020-10-14,81.6,79.6,81.6,79.32,139401,546396200.0,2.78,-2.88,-2.36,3.64,SZ300773
356,2020-10-15,80.4,77.62,80.6,77.42,174213,669409810.0,3.99,-2.49,-1.98,4.55,SZ300773
357,2020-10-16,77.6,77.54,77.9,76.66,120303,452110384.0,1.6,-0.1,-0.08,3.14,SZ300773
358,2020-10-19,78.2,75.98,78.5,75.96,112768,423101424.0,3.28,-2.01,-1.56,2.94,SZ300773
359,2020-10-20,76.0,77.44,77.6,75.54,83291,311600768.0,2.71,1.92,1.46,2.17,SZ300773
360,2020-10-21,77.46,75.74,77.6,75.6,90327,335350320.0,2.58,-2.2,-1.7,2.36,SZ300773
361,2020-10-22,75.74,77.1,77.48,75.52,96924,362826960.0,2.59,1.8,1.36,2.53,SZ300773
362,2020-10-23,77.2,75.2,77.58,75.0,105709,391986624.0,3.35,-2.46,-1.9,2.76,SZ300773
363,2020-10-26,75.22,75.92,75.92,74.0,70029,256215745.0,2.55,0.96,0.72,1.83,SZ300773
364,2020-10-27,75.5,75.7,76.72,75.44,74587,275686800.0,1.69,-0.29,-0.22,1.95,SZ300773
365,2020-10-28,75.56,73.26,75.56,71.12,161436,572325360.0,5.87,-3.22,-2.44,4.21,SZ300773
366,2020-10-29,72.12,73.62,73.9,72.0,80711,286583440.0,2.59,0.49,0.36,2.11,SZ300773
367,2020-10-30,73.84,69.72,74.34,68.1,171491,591932560.0,8.48,-5.3,-3.9,4.48,SZ300773
368,2020-11-02,69.8,66.76,70.26,66.64,153547,503526448.0,5.19,-4.25,-2.96,4.01,SZ300773
369,2020-11-03,67.12,68.32,68.78,66.4,99094,326220880.0,3.57,2.34,1.56,2.59,SZ300773
370,2020-11-04,69.12,68.42,70.54,68.1,90887,304568816.0,3.57,0.15,0.1,2.37,SZ300773
371,2020-11-05,68.92,69.44,69.72,67.0,123161,409306416.0,3.98,1.49,1.02,3.22,SZ300773
372,2020-11-06,69.34,68.56,69.34,68.06,80388,267245806.0,1.84,-1.27,-0.88,2.1,SZ300773
373,2020-11-09,69.06,70.92,71.52,68.8,115143,393505408.0,3.97,3.44,2.36,3.01,SZ300773
374,2020-11-10,71.0,71.4,72.9,70.22,123812,430639312.0,3.78,0.68,0.48,3.23,SZ300773
375,2020-11-11,70.8,69.82,71.4,69.72,79507,271441040.0,2.35,-2.21,-1.58,2.08,SZ300773
376,2020-11-12,70.02,68.74,70.72,68.32,68504,229740120.0,3.44,-1.55,-1.08,1.79,SZ300773
377,2020-11-13,68.54,69.08,69.38,68.06,53202,177840519.0,1.92,0.49,0.34,1.39,SZ300773
378,2020-11-16,72.02,72.68,75.32,72.02,244064,874684528.0,4.78,5.21,3.6,6.37,SZ300773
379,2020-11-17,72.08,70.46,72.14,69.36,147662,503942544.0,3.82,-3.05,-2.22,3.86,SZ300773
380,2020-11-18,70.46,70.76,70.96,69.6,72310,247198148.0,1.93,0.43,0.3,1.89,SZ300773
381,2020-11-19,70.12,72.94,73.0,69.64,132572,463576880.0,4.75,3.08,2.18,3.46,SZ300773
382,2020-11-20,72.32,72.16,73.16,71.72,77530,272120384.0,1.97,-1.07,-0.78,2.02,SZ300773
383,2020-11-23,72.2,72.3,72.92,71.18,94051,329812144.0,2.41,0.19,0.14,2.46,SZ300773
384,2020-11-24,72.6,70.66,72.76,70.36,100036,346697328.0,3.32,-2.27,-1.64,2.61,SZ300773
385,2020-11-25,71.12,68.3,71.12,68.02,128652,431549344.0,4.39,-3.34,-2.36,3.36,SZ300773
386,2020-11-26,68.64,68.24,69.02,67.66,58597,194072745.0,1.99,-0.09,-0.06,1.53,SZ300773
387,2020-11-27,68.32,68.56,69.16,67.9,62337,207162324.0,1.85,0.47,0.32,1.63,SZ300773
388,2020-11-30,68.84,68.7,69.6,68.3,94122,315389600.0,1.9,0.2,0.14,2.46,SZ300773
389,2020-12-01,69.18,70.4,70.98,69.18,103599,354149760.0,2.62,2.47,1.7,2.7,SZ300773
390,2020-12-02,70.08,70.1,70.82,69.7,81164,276802016.0,1.59,-0.43,-0.3,2.12,SZ300773
391,2020-12-03,70.2,70.52,70.74,69.8,72339,247113176.0,1.34,0.6,0.42,1.89,SZ300773
392,2020-12-04,70.3,69.1,70.66,68.8,84763,285592464.0,2.64,-2.01,-1.42,2.21,SZ300773
393,2020-12-07,69.18,68.24,69.72,67.96,73707,245618151.0,2.55,-1.24,-0.86,1.92,SZ300773
394,2020-12-08,68.02,67.48,68.36,67.38,68241,224358872.0,1.44,-1.11,-0.76,1.78,SZ300773
395,2020-12-09,68.18,67.4,68.56,67.26,73096,240516303.0,1.93,-0.12,-0.08,1.91,SZ300773
396,2020-12-10,67.22,68.0,68.02,66.32,71117,231731727.0,2.52,0.89,0.6,1.86,SZ300773
397,2020-12-11,68.26,70.3,70.7,68.26,182358,618905856.0,3.59,3.38,2.3,4.76,SZ300773
398,2020-12-14,71.36,70.64,73.2,70.34,189228,661086480.0,4.07,0.48,0.34,4.94,SZ300773
399,2020-12-15,70.54,71.96,72.66,69.6,121016,420660336.0,4.33,1.87,1.32,3.16,SZ300773
400,2020-12-16,72.0,68.94,72.2,68.82,126125,430181264.0,4.7,-4.2,-3.02,3.29,SZ300773
401,2020-12-17,69.62,71.02,71.92,69.2,126343,433744720.0,3.95,3.02,2.08,3.3,SZ300773
402,2020-12-18,70.86,69.18,70.92,68.82,106842,360947056.0,2.96,-2.59,-1.84,2.79,SZ300773
403,2020-12-21,69.3,68.32,69.3,67.7,105728,350152160.0,2.31,-1.24,-0.86,2.76,SZ300773
404,2020-12-22,68.12,66.76,68.12,66.66,99142,323339888.0,2.14,-2.28,-1.56,2.59,SZ300773
405,2020-12-23,66.76,63.96,67.6,63.52,169085,533343328.0,6.11,-4.19,-2.8,4.41,SZ300773
406,2020-12-24,63.46,58.56,63.6,56.86,227729,657929536.0,10.54,-8.44,-5.4,5.95,SZ300773
407,2020-12-25,58.58,59.32,59.54,58.36,84968,242084864.0,2.02,1.3,0.76,2.22,SZ300773
408,2020-12-28,59.6,57.06,59.86,56.48,128619,357252480.0,5.7,-3.81,-2.26,3.36,SZ300773
409,2020-12-29,57.3,58.66,59.76,57.08,112451,319652768.0,4.7,2.8,1.6,2.94,SZ300773
410,2020-12-30,58.4,59.6,59.76,57.44,89837,254516646.0,3.95,1.6,0.94,2.35,SZ300773
411,2020-12-31,59.2,61.84,62.3,59.14,108952,322679296.0,5.3,3.76,2.24,2.84,SZ300773
412,2021-01-04,64.32,63.5,66.2,63.12,144190,448787104.0,4.98,2.68,1.66,3.76,SZ300773
413,2021-01-05,62.98,62.14,63.9,61.5,128123,386437984.0,3.78,-2.14,-1.36,3.35,SZ300773
414,2021-01-06,62.26,61.94,62.5,60.82,86786,258356156.0,2.7,-0.32,-0.2,2.27,SZ300773
415,2021-01-07,61.96,60.2,62.08,59.66,85478,249937361.0,3.91,-2.81,-1.74,2.23,SZ300773
416,2021-01-08,60.66,62.2,63.3,60.62,109509,329800496.0,4.45,3.32,2.0,2.86,SZ300773
417,2021-01-11,62.6,61.4,63.2,60.56,103361,308285792.0,4.24,-1.29,-0.8,2.7,SZ300773
418,2021-01-12,61.96,63.04,63.16,61.22,103196,310786544.0,3.16,2.67,1.64,2.69,SZ300773
419,2021-01-13,63.32,62.18,63.68,61.84,90902,274544128.0,2.92,-1.36,-0.86,2.37,SZ300773
420,2021-01-14,61.8,61.8,62.66,61.0,107554,322008544.0,2.67,-0.61,-0.38,2.81,SZ300773
421,2021-01-15,61.14,63.8,64.44,60.24,144389,439448640.0,6.8,3.24,2.0,3.77,SZ300773
422,2021-01-18,64.16,63.26,64.76,63.04,87196,268085920.0,2.7,-0.85,-0.54,2.28,SZ300773
423,2021-01-19,63.26,62.28,63.94,61.94,83038,253497131.0,3.16,-1.55,-0.98,2.17,SZ300773
424,2021-01-20,62.1,62.3,62.6,61.3,57202,171565442.0,2.09,0.03,0.02,1.49,SZ300773
425,2021-01-21,63.0,64.4,66.4,63.0,158209,496225440.0,5.46,3.37,2.1,4.13,SZ300773
426,2021-01-22,64.06,63.32,64.56,62.72,81830,250786455.0,2.86,-1.68,-1.08,2.14,SZ300773
427,2021-01-25,64.06,62.8,64.26,62.32,80571,246536635.0,3.06,-0.82,-0.52,2.1,SZ300773
428,2021-01-26,62.72,60.52,63.68,60.48,98313,294408336.0,5.1,-3.63,-2.28,2.57,SZ300773
429,2021-01-27,60.46,61.06,61.98,59.8,63685,188031456.0,3.6,0.89,0.54,1.66,SZ300773
430,2021-01-28,60.46,60.38,61.34,60.22,57515,168569165.0,1.83,-1.11,-0.68,1.5,SZ300773
431,2021-01-29,60.88,59.4,61.0,58.14,69554,199751538.0,4.74,-1.62,-0.98,1.82,SZ300773
432,2021-02-01,59.48,60.6,61.44,58.56,80940,233933045.0,4.85,2.02,1.2,2.11,SZ300773
433,2021-02-02,60.6,61.84,62.3,59.74,86235,255977096.0,4.22,2.05,1.24,2.25,SZ300773
434,2021-02-03,61.74,59.18,61.74,59.12,73228,213121537.0,4.24,-4.3,-2.66,1.91,SZ300773
435,2021-02-04,59.0,58.2,59.1,56.66,85050,237202566.0,4.12,-1.66,-0.98,2.22,SZ300773
436,2021-02-05,58.1,56.86,58.92,56.86,62400,174680371.0,3.54,-2.3,-1.34,1.63,SZ300773
437,2021-02-08,57.12,56.7,57.98,56.28,55846,153609021.0,2.99,-0.28,-0.16,1.46,SZ300773
438,2021-02-09,57.72,57.6,57.98,57.08,52868,146741810.0,1.59,1.59,0.9,1.38,SZ300773
439,2021-02-10,57.62,57.6,58.26,57.14,56201,156699086.0,1.94,0.0,0.0,1.47,SZ300773
440,2021-02-18,59.0,62.1,64.16,58.98,177574,535188272.0,8.99,7.81,4.5,4.64,SZ300773
441,2021-02-19,61.76,63.92,64.34,61.4,152011,467721520.0,4.73,2.93,1.82,3.97,SZ300773
442,2021-02-22,64.58,64.7,66.84,64.44,168260,536306208.0,3.75,1.22,0.78,4.39,SZ300773
443,2021-02-23,63.62,63.02,64.68,62.88,105252,324334864.0,2.78,-2.6,-1.68,2.75,SZ300773
444,2021-02-24,62.68,63.64,64.96,62.54,108508,334456768.0,3.84,0.98,0.62,2.83,SZ300773
445,2021-02-25,63.68,63.02,64.0,62.38,75472,230313657.0,2.55,-0.97,-0.62,1.97,SZ300773
446,2021-02-26,62.4,62.86,63.6,62.12,73737,224435996.0,2.35,-0.25,-0.16,1.93,SZ300773
447,2021-03-01,64.0,64.86,64.94,63.7,105996,331350768.0,1.97,3.18,2.0,2.77,SZ300773
448,2021-03-02,65.42,67.5,68.6,65.22,231685,758914192.0,5.21,4.07,2.64,6.05,SZ300773
449,2021-03-03,66.86,67.1,67.28,65.46,120340,387986768.0,2.7,-0.59,-0.4,3.14,SZ300773
450,2021-03-04,67.24,66.52,68.16,66.26,117074,381628464.0,2.83,-0.86,-0.58,3.06,SZ300773
451,2021-03-05,65.86,65.94,66.96,65.32,83837,268383124.0,2.47,-0.87,-0.58,2.19,SZ300773
452,2021-03-08,66.32,63.14,66.5,63.0,111312,349006480.0,5.31,-4.25,-2.8,2.91,SZ300773
453,2021-03-09,63.0,61.32,63.8,60.42,98080,294801296.0,5.35,-2.88,-1.82,2.56,SZ300773
454,2021-03-10,62.12,61.0,62.44,60.68,59173,175514121.0,2.87,-0.52,-0.32,1.54,SZ300773
455,2021-03-11,61.02,62.2,62.76,60.26,56497,168638621.0,4.1,1.97,1.2,1.48,SZ300773
456,2021-03-12,62.2,62.02,62.64,60.82,66601,198605923.0,2.93,-0.29,-0.18,1.74,SZ300773
457,2021-03-15,61.4,60.34,61.44,59.8,53832,157809278.0,2.64,-2.71,-1.68,1.41,SZ300773
458,2021-03-16,60.44,60.94,61.16,59.68,44679,130523405.0,2.45,0.99,0.6,1.17,SZ300773
459,2021-03-17,60.44,60.6,60.94,59.64,36270,105905645.0,2.13,-0.56,-0.34,0.95,SZ300773
460,2021-03-18,60.38,60.32,60.68,59.78,40689,118532678.0,1.49,-0.46,-0.28,1.06,SZ300773
461,2021-03-19,59.7,59.16,60.46,59.04,51457,148335953.0,2.35,-1.92,-1.16,1.34,SZ300773
462,2021-03-22,58.98,60.2,60.3,58.9,38827,112234695.0,2.37,1.76,1.04,1.01,SZ300773
463,2021-03-23,60.18,62.24,63.94,59.24,135877,406567440.0,7.81,3.39,2.04,3.55,SZ300773
464,2021-03-24,61.2,60.14,61.7,59.94,81628,240371499.0,2.83,-3.37,-2.1,2.13,SZ300773
465,2021-03-25,60.0,63.84,64.96,59.28,174952,533340800.0,9.44,6.15,3.7,4.57,SZ300773
466,2021-03-26,64.1,63.74,64.5,63.0,114230,352088480.0,2.35,-0.16,-0.1,2.98,SZ300773
467,2021-03-29,63.5,63.6,66.2,63.5,110892,347649456.0,4.24,-0.22,-0.14,2.9,SZ300773
468,2021-03-30,62.98,62.18,63.2,61.86,85485,258053294.0,2.11,-2.23,-1.42,2.23,SZ300773
469,2021-03-31,61.9,62.26,63.8,61.84,62064,188802436.0,3.15,0.13,0.08,1.62,SZ300773
470,2021-04-01,62.12,61.44,62.6,61.0,51095,152116996.0,2.57,-1.32,-0.82,1.33,SZ300773
471,2021-04-02,61.96,63.08,63.76,61.78,82920,252835918.0,3.22,2.67,1.64,2.16,SZ300773
472,2021-04-06,63.2,63.18,63.7,62.4,61015,186613661.0,2.06,0.16,0.1,1.59,SZ300773
473,2021-04-07,63.22,64.46,65.26,62.64,93912,290597664.0,4.15,2.03,1.28,2.45,SZ300773
474,2021-04-08,63.96,63.74,64.3,63.2,60692,187192487.0,1.71,-1.12,-0.72,1.58,SZ300773
475,2021-04-09,63.6,62.78,64.18,62.36,53236,162499033.0,2.86,-1.51,-0.96,1.39,SZ300773
476,2021-04-12,63.86,63.66,64.94,63.5,132278,411377472.0,2.29,1.4,0.88,3.45,SZ300773
477,2021-04-13,64.0,65.18,66.84,63.06,178056,565570640.0,5.94,2.39,1.52,4.65,SZ300773
478,2021-04-14,66.0,66.48,67.14,64.36,151113,482946960.0,4.27,1.99,1.3,3.95,SZ300773
479,2021-04-15,66.46,65.3,69.12,64.9,227412,741227504.0,6.35,-1.77,-1.18,5.94,SZ300773
480,2021-04-16,64.86,68.46,69.0,64.6,249542,820354864.0,6.74,4.84,3.16,6.52,SZ300773
481,2021-04-19,67.32,67.9,68.3,66.82,179673,589993920.0,2.16,-0.82,-0.56,4.69,SZ300773
482,2021-04-20,67.46,66.16,68.12,65.82,158473,514552736.0,3.39,-2.56,-1.74,4.14,SZ300773
483,2021-04-21,65.32,65.88,67.5,65.16,110954,356457328.0,3.54,-0.42,-0.28,2.9,SZ300773
484,2021-04-22,66.42,69.4,69.8,65.66,242096,802104560.0,6.28,5.34,3.52,6.32,SZ300773
485,2021-04-23,68.78,70.26,71.66,68.06,260028,886199136.0,5.19,1.24,0.86,6.79,SZ300773
486,2021-04-26,70.1,68.74,71.0,68.66,177157,598862576.0,3.33,-2.16,-1.52,4.63,SZ300773
487,2021-04-27,68.76,69.56,70.6,67.7,146261,490930480.0,4.22,1.19,0.82,3.82,SZ300773
488,2021-04-28,68.88,66.68,69.2,66.4,153211,499553808.0,4.03,-4.14,-2.88,4.0,SZ300773
489,2021-04-29,67.3,67.02,68.06,66.36,95025,309903824.0,2.55,0.51,0.34,2.48,SZ300773
490,2021-04-30,66.8,67.32,67.9,65.44,113354,366736960.0,3.67,0.45,0.3,2.96,SZ300773
491,2021-05-06,66.94,68.3,69.12,66.32,136275,449016144.0,4.16,1.46,0.98,3.56,SZ300773
492,2021-05-07,67.64,69.16,70.92,67.04,196569,659657936.0,5.68,1.26,0.86,5.13,SZ300773
493,2021-05-10,70.34,71.84,71.84,68.96,242668,830134128.0,4.16,3.88,2.68,6.34,SZ300773
494,2021-05-11,72.0,69.84,73.9,69.84,247632,862790896.0,5.65,-2.78,-2.0,6.47,SZ300773
495,2021-05-12,69.0,70.76,71.16,67.98,143062,485254688.0,4.55,1.32,0.92,3.74,SZ300773
496,2021-05-13,69.4,72.1,72.26,69.32,167364,580008240.0,4.15,1.89,1.34,4.37,SZ300773
497,2021-05-14,71.74,71.96,72.82,71.1,160803,562399488.0,2.39,-0.19,-0.14,4.2,SZ300773
498,2021-05-17,71.8,69.94,71.8,69.92,142625,473974160.0,2.61,-2.81,-2.02,3.72,SZ300773
499,2021-05-18,69.66,71.74,72.5,69.34,142027,477294096.0,4.52,2.57,1.8,3.71,SZ300773
500,2021-05-19,71.32,69.78,72.12,69.52,134099,446347488.0,3.62,-2.73,-1.96,3.5,SZ300773
501,2021-05-20,68.6,65.6,68.8,65.5,210594,659851328.0,4.73,-5.99,-4.18,5.5,SZ300773
502,2021-05-21,65.76,64.56,66.86,64.4,122995,378877424.0,3.75,-1.59,-1.04,3.21,SZ300773
503,2021-05-24,64.0,65.16,65.26,63.38,92551,279667680.0,2.91,0.93,0.6,2.42,SZ300773
504,2021-05-25,64.9,65.72,66.1,64.2,99454,304250848.0,2.92,0.86,0.56,2.6,SZ300773
505,2021-05-26,65.46,64.96,66.28,64.74,98349,301798976.0,2.34,-1.16,-0.76,2.57,SZ300773
506,2021-05-27,64.78,64.94,65.52,64.7,88862,271302160.0,1.26,-0.03,-0.02,2.32,SZ300773
507,2021-05-28,64.88,63.02,64.9,62.66,152789,455834976.0,3.45,-2.96,-1.92,3.99,SZ300773
508,2021-05-31,62.76,64.08,64.18,62.02,98282,291749184.0,3.43,1.68,1.06,2.57,SZ300773
509,2021-06-01,63.72,64.2,64.7,63.44,84063,252891901.0,1.97,0.19,0.12,2.19,SZ300773
510,2021-06-02,64.22,62.42,64.32,62.36,94572,278888272.0,3.05,-2.77,-1.78,2.47,SZ300773
511,2021-06-03,62.32,62.2,63.72,62.0,73981,217325273.0,2.76,-0.35,-0.22,1.93,SZ300773
512,2021-06-04,61.9,61.86,62.5,61.4,68713,198867510.0,1.77,-0.55,-0.34,1.79,SZ300773
513,2021-06-07,61.88,62.82,62.86,61.6,73143,213379416.0,2.04,1.55,0.96,1.91,SZ300773
514,2021-06-08,62.7,63.0,63.44,62.34,70239,207034939.0,1.75,0.29,0.18,1.83,SZ300773
515,2021-06-09,63.0,62.72,63.28,62.18,52249,152935427.0,1.75,-0.44,-0.28,1.36,SZ300773
516,2021-06-10,62.56,64.18,64.56,62.5,117407,351540976.0,3.28,2.33,1.46,3.07,SZ300773
517,2021-06-11,63.82,63.96,65.1,63.58,98691,297433872.0,2.37,-0.34,-0.22,2.58,SZ300773
518,2021-06-15,64.06,63.46,64.56,63.02,68296,203589663.0,2.41,-0.78,-0.5,1.78,SZ300773
519,2021-06-16,63.1,62.06,63.7,61.86,71778,210069905.0,2.9,-2.21,-1.4,1.87,SZ300773
520,2021-06-17,62.1,62.24,62.42,61.6,56145,162738120.0,1.32,0.29,0.18,1.47,SZ300773
521,2021-06-18,62.3,63.64,63.64,61.6,89448,263578148.0,3.28,2.25,1.4,2.34,SZ300773
522,2021-06-21,63.1,63.82,64.2,62.62,79401,236331137.0,2.48,0.28,0.18,2.07,SZ300773
523,2021-06-22,63.44,63.86,64.4,63.3,80477,241133481.0,1.72,0.06,0.04,2.1,SZ300773
524,2021-06-23,63.5,63.0,63.82,62.68,78385,231604155.0,1.79,-1.35,-0.86,2.05,SZ300773
525,2021-06-24,62.9,61.82,63.16,61.76,79504,230842756.0,2.22,-1.87,-1.18,2.08,SZ300773
526,2021-06-25,61.82,62.22,62.4,61.76,53396,155099289.0,1.04,0.65,0.4,1.39,SZ300773
527,2021-06-28,61.9,61.22,62.12,61.12,86073,246978297.0,1.61,-1.61,-1.0,2.25,SZ300773
528,2021-06-29,61.06,59.6,61.76,59.58,99014,280180672.0,3.56,-2.65,-1.62,2.59,SZ300773
529,2021-06-30,59.58,60.46,61.0,59.34,75111,210927840.0,2.79,1.44,0.86,1.96,SZ300773
530,2021-07-01,60.16,59.8,60.6,59.58,53723,150560905.0,1.69,-1.09,-0.66,1.4,SZ300773
531,2021-07-02,59.64,59.72,60.54,59.6,44876,125600204.0,1.57,-0.13,-0.08,1.17,SZ300773
532,2021-07-05,59.54,59.02,60.0,58.62,64887,178835404.0,2.31,-1.17,-0.7,1.69,SZ300773
533,2021-07-06,59.0,59.58,59.58,58.3,54981,151219014.0,2.17,0.95,0.56,1.43,SZ300773
534,2021-07-07,59.3,59.72,59.78,58.84,50075,138575086.0,1.58,0.23,0.14,1.31,SZ300773
535,2021-07-08,59.46,60.66,61.56,59.04,103190,290504688.0,4.22,1.57,0.94,2.69,SZ300773
536,2021-07-09,60.16,59.84,60.24,59.58,59879,167136518.0,1.09,-1.35,-0.82,1.56,SZ300773
537,2021-07-12,60.18,60.54,61.02,60.0,67711,191632196.0,1.7,1.17,0.7,1.77,SZ300773
538,2021-07-13,60.56,61.1,61.24,60.4,62257,177085579.0,1.39,0.93,0.56,1.62,SZ300773
539,2021-07-14,61.44,60.12,61.56,60.0,69714,198419035.0,2.55,-1.6,-0.98,1.82,SZ300773
540,2021-07-15,60.24,59.5,60.54,59.14,57353,159241851.0,2.33,-1.03,-0.62,1.5,SZ300773
541,2021-07-16,59.5,59.62,60.32,59.4,43692,121734760.0,1.55,0.2,0.12,1.14,SZ300773
542,2021-07-19,59.56,59.9,60.0,58.86,42462,117847015.0,1.91,0.47,0.28,1.11,SZ300773
543,2021-07-20,59.5,58.76,59.5,58.72,56869,156102130.0,1.3,-1.9,-1.14,1.48,SZ300773
544,2021-07-21,58.76,58.82,59.1,58.48,46926,128576165.0,1.06,0.1,0.06,1.22,SZ300773
545,2021-07-22,58.9,58.48,58.9,58.28,53763,146373473.0,1.05,-0.58,-0.34,1.4,SZ300773
546,2021-07-23,58.36,55.98,58.54,55.96,118139,311383584.0,4.41,-4.27,-2.5,3.08,SZ300773
547,2021-07-26,55.48,52.68,55.48,52.46,109251,271626896.0,5.39,-5.89,-3.3,2.85,SZ300773
548,2021-07-27,52.92,52.8,53.9,52.64,67721,166543436.0,2.39,0.23,0.12,1.77,SZ300773
549,2021-07-28,52.36,52.0,53.0,50.6,59491,141790870.0,4.55,-1.52,-0.8,1.55,SZ300773
550,2021-07-29,52.48,52.4,52.9,52.18,54091,131268983.0,1.38,0.77,0.4,1.41,SZ300773
551,2021-07-30,52.24,52.96,52.96,51.5,56956,137496403.0,2.79,1.07,0.56,1.49,SZ300773
552,2021-08-02,52.8,53.46,53.82,51.82,73068,178929870.0,3.78,0.94,0.5,1.91,SZ300773
553,2021-08-03,53.1,53.66,54.34,53.1,64398,160550902.0,2.32,0.37,0.2,1.68,SZ300773
554,2021-08-04,53.82,53.4,53.9,53.26,45471,112519775.0,1.19,-0.48,-0.26,1.19,SZ300773
555,2021-08-05,53.22,52.16,53.3,52.08,58975,143296067.0,2.28,-2.32,-1.24,1.54,SZ300773
556,2021-08-06,52.22,52.46,52.54,51.8,43979,105959141.0,1.42,0.58,0.3,1.15,SZ300773
557,2021-08-09,52.32,54.72,55.12,52.24,95398,240031507.0,5.49,4.31,2.26,2.49,SZ300773
558,2021-08-10,54.7,54.34,54.7,53.92,47948,120481874.0,1.43,-0.69,-0.38,1.25,SZ300773
559,2021-08-11,54.2,53.92,54.34,53.78,42958,107247599.0,1.03,-0.77,-0.42,1.12,SZ300773
560,2021-08-12,54.2,54.64,55.46,53.9,72365,183920819.0,2.89,1.34,0.72,1.89,SZ300773
561,2021-08-13,54.2,53.62,54.48,53.26,58692,145794264.0,2.23,-1.87,-1.02,1.53,SZ300773
562,2021-08-16,53.42,54.72,55.28,53.32,67665,171020019.0,3.66,2.05,1.1,1.77,SZ300773
563,2021-08-17,54.66,53.42,55.12,53.42,61255,153571972.0,3.11,-2.38,-1.3,1.6,SZ300773
564,2021-08-18,54.06,58.74,61.1,53.64,250918,671749872.0,13.96,9.96,5.32,6.55,SZ300773
565,2021-08-19,58.7,57.14,59.74,57.0,187028,507400336.0,4.66,-2.72,-1.6,4.88,SZ300773
566,2021-08-20,56.82,56.78,58.26,56.02,131030,346838624.0,3.92,-0.63,-0.36,3.42,SZ300773
567,2021-08-23,56.8,57.2,58.2,56.1,119311,316405952.0,3.7,0.74,0.42,3.11,SZ300773
568,2021-08-24,57.2,57.68,58.5,56.7,127317,342421632.0,3.15,0.84,0.48,3.32,SZ300773
569,2021-08-25,58.06,57.94,59.0,57.62,115312,312633968.0,2.39,0.45,0.26,3.01,SZ300773
570,2021-08-26,57.6,58.14,59.0,56.54,125738,338509968.0,4.25,0.35,0.2,3.28,SZ300773
571,2021-08-27,58.18,57.36,58.9,57.22,98081,264694900.0,2.89,-1.34,-0.78,2.56,SZ300773
572,2021-08-30,57.66,56.52,58.5,56.26,96312,257308818.0,3.91,-1.46,-0.84,2.51,SZ300773
573,2021-08-31,56.4,57.5,57.54,55.8,86661,227948610.0,3.08,1.73,0.98,2.26,SZ300773
574,2021-09-01,57.28,59.02,59.02,56.72,142937,387644448.0,4.0,2.64,1.52,3.73,SZ300773
575,2021-09-02,58.96,58.54,59.36,58.16,91816,250716910.0,2.03,-0.81,-0.48,2.4,SZ300773
576,2021-09-03,59.56,58.8,59.76,58.2,93758,256903753.0,2.66,0.44,0.26,2.45,SZ300773
577,2021-09-06,59.06,59.1,59.56,58.5,81624,224506154.0,1.8,0.51,0.3,2.13,SZ300773
578,2021-09-07,58.9,58.88,60.2,58.64,105841,292608448.0,2.64,-0.37,-0.22,2.76,SZ300773
579,2021-09-08,59.0,58.38,59.0,58.0,92681,251632183.0,1.7,-0.85,-0.5,2.42,SZ300773
580,2021-09-09,58.14,57.72,58.14,57.08,84235,225969884.0,1.82,-1.13,-0.66,2.2,SZ300773
581,2021-09-10,57.5,58.24,59.04,57.28,100595,273674016.0,3.05,0.9,0.52,2.62,SZ300773
582,2021-09-13,58.46,57.12,58.64,57.0,86002,230501478.0,2.82,-1.92,-1.12,2.24,SZ300773
583,2021-09-14,57.26,56.38,58.24,56.2,79002,210508411.0,3.57,-1.3,-0.74,2.06,SZ300773
584,2021-09-15,56.02,54.96,56.26,54.72,90423,231630721.0,2.73,-2.52,-1.42,2.36,SZ300773
585,2021-09-16,55.12,54.36,55.82,54.02,79194,201257660.0,3.28,-1.09,-0.6,2.07,SZ300773
586,2021-09-17,54.4,55.18,55.36,54.16,53445,135223917.0,2.21,1.51,0.82,1.39,SZ300773
587,2021-09-22,54.36,54.32,54.86,53.92,42425,106604894.0,1.7,-1.56,-0.86,1.11,SZ300773
588,2021-09-23,54.4,55.02,55.24,54.4,48021,122398869.0,1.55,1.29,0.7,1.25,SZ300773
589,2021-09-24,55.06,54.42,55.52,54.34,52568,133999997.0,2.14,-1.09,-0.6,1.37,SZ300773
590,2021-09-27,54.6,53.52,55.02,53.32,54933,137462035.0,3.12,-1.65,-0.9,1.43,SZ300773
591,2021-09-28,53.14,53.76,53.92,52.26,48536,119245801.0,3.1,0.45,0.24,1.27,SZ300773
592,2021-09-29,53.22,51.86,53.44,51.84,56607,137412836.0,2.98,-3.53,-1.9,1.48,SZ300773
593,2021-09-30,52.48,53.46,53.7,52.16,51256,125865141.0,2.97,3.09,1.6,1.34,SZ300773
594,2021-10-08,53.78,54.66,55.1,53.76,49520,125383553.0,2.51,2.24,1.2,1.29,SZ300773
595,2021-10-11,54.66,54.56,55.26,54.42,41209,104540226.0,1.54,-0.18,-0.1,1.08,SZ300773
596,2021-10-12,54.56,54.2,54.66,53.5,37449,93851591.0,2.13,-0.66,-0.36,0.98,SZ300773
597,2021-10-13,54.2,54.34,54.64,53.58,33912,84916048.0,1.96,0.26,0.14,0.88,SZ300773
598,2021-10-14,54.54,53.94,54.54,53.66,26896,67141303.0,1.62,-0.74,-0.4,0.7,SZ300773
599,2021-10-15,54.0,54.12,54.66,53.64,46286,116276429.0,1.89,0.33,0.18,1.21,SZ300773
600,2021-10-18,54.12,52.74,54.12,52.34,62188,151916671.0,3.29,-2.55,-1.38,1.62,SZ300773
601,2021-10-19,52.92,55.0,55.7,52.76,88960,224560761.0,5.57,4.29,2.26,2.32,SZ300773
602,2021-10-20,55.24,55.16,57.38,55.14,131262,341744144.0,4.07,0.29,0.16,3.42,SZ300773
603,2021-10-21,55.06,54.56,55.42,54.18,68578,173634743.0,2.25,-1.09,-0.6,1.79,SZ300773
604,2021-10-22,54.48,53.9,54.7,53.76,48716,122066165.0,1.72,-1.21,-0.66,1.27,SZ300773
605,2021-10-25,54.1,53.6,54.1,53.3,46313,114821438.0,1.48,-0.56,-0.3,1.21,SZ300773
606,2021-10-26,53.76,53.18,54.0,53.1,48866,120800855.0,1.68,-0.78,-0.42,1.27,SZ300773
607,2021-10-27,53.28,52.6,53.76,52.04,60146,146095599.0,3.23,-1.09,-0.58,1.57,SZ300773
608,2021-10-28,52.34,51.12,52.6,50.96,66788,158766451.0,3.12,-2.81,-1.48,1.74,SZ300773
609,2021-10-29,51.4,52.18,52.44,51.12,49440,118408740.0,2.58,2.07,1.06,1.29,SZ300773
610,2021-11-01,52.26,52.46,52.86,51.86,47555,115273295.0,1.92,0.54,0.28,1.24,SZ300773
611,2021-11-02,52.08,51.46,52.66,51.1,57790,138057907.0,2.97,-1.91,-1.0,1.51,SZ300773
612,2021-11-03,51.4,51.6,51.9,51.22,36535,86885327.0,1.32,0.27,0.14,0.95,SZ300773
613,2021-11-04,51.6,52.08,52.16,51.46,42556,101970955.0,1.36,0.93,0.48,1.11,SZ300773
614,2021-11-05,51.96,52.72,53.36,51.82,77320,188633693.0,2.96,1.23,0.64,2.02,SZ300773
615,2021-11-08,52.5,52.32,52.68,52.0,43199,104238015.0,1.29,-0.76,-0.4,1.13,SZ300773
616,2021-11-09,52.4,52.84,53.16,52.16,61859,151059494.0,1.91,0.99,0.52,1.61,SZ300773
617,2021-11-10,53.72,53.84,54.76,53.2,116338,291246624.0,2.95,1.89,1.0,3.04,SZ300773
618,2021-11-11,53.48,53.78,54.16,53.32,69682,173325477.0,1.56,-0.11,-0.06,1.82,SZ300773
619,2021-11-12,53.78,53.98,54.56,53.62,60974,152664665.0,1.75,0.37,0.2,1.59,SZ300773
620,2021-11-15,53.96,54.64,54.88,53.72,74835,188605688.0,2.15,1.22,0.66,1.95,SZ300773
621,2021-11-16,54.46,53.3,54.62,53.2,82156,204869308.0,2.6,-2.45,-1.34,2.14,SZ300773
622,2021-11-17,53.42,55.88,56.9,53.34,164955,422724592.0,6.68,4.84,2.58,4.3,SZ300773
623,2021-11-18,55.3,54.48,55.76,54.44,109829,279609792.0,2.36,-2.51,-1.4,2.87,SZ300773
624,2021-11-19,54.48,54.82,55.18,54.0,84692,214557669.0,2.17,0.62,0.34,2.21,SZ300773
625,2021-11-22,53.56,52.82,53.58,52.24,162888,396622256.0,2.44,-3.65,-2.0,4.25,SZ300773
626,2021-11-23,52.2,55.26,56.4,52.02,229322,572372576.0,8.29,4.62,2.44,5.98,SZ300773
627,2021-11-24,54.86,54.82,55.56,54.5,142900,364018256.0,1.92,-0.8,-0.44,3.73,SZ300773
628,2021-11-25,54.56,54.82,55.6,53.9,123500,313105072.0,3.1,0.0,0.0,3.22,SZ300773
629,2021-11-26,54.46,63.98,64.56,54.2,762430,2203449520.0,18.9,16.71,9.16,19.89,SZ300773
630,2021-11-29,59.2,59.98,61.68,58.44,539451,1509578992.0,5.06,-6.25,-4.0,14.07,SZ300773
631,2021-11-30,59.5,60.82,63.16,59.0,445153,1266218640.0,6.94,1.4,0.84,11.61,SZ300773
632,2021-12-01,60.92,62.6,64.9,60.6,410130,1208376240.0,7.07,2.93,1.78,10.7,SZ300773
633,2021-12-02,61.96,59.66,62.62,59.44,298800,844407120.0,5.08,-4.7,-2.94,7.8,SZ300773
634,2021-12-03,59.76,59.32,60.98,58.84,219295,611925536.0,3.59,-0.57,-0.34,5.72,SZ300773
635,2021-12-06,58.56,56.6,58.58,56.6,223944,594369568.0,3.34,-4.59,-2.72,5.84,SZ300773
636,2021-12-07,56.98,57.5,57.96,56.16,175054,464981808.0,3.18,1.59,0.9,4.57,SZ300773
637,2021-12-08,57.5,57.24,57.5,56.82,129931,345309968.0,1.18,-0.45,-0.26,3.39,SZ300773
638,2021-12-09,56.96,57.46,58.48,56.26,180282,482003920.0,3.88,0.38,0.22,4.7,SZ300773
639,2021-12-10,57.12,57.8,58.18,56.84,137552,368285952.0,2.33,0.59,0.34,3.59,SZ300773
640,2021-12-13,57.66,59.02,59.2,57.32,208006,566579584.0,3.25,2.11,1.22,5.43,SZ300773
641,2021-12-14,59.32,60.84,62.3,58.6,334906,942929968.0,6.27,3.08,1.82,8.74,SZ300773
642,2021-12-15,61.2,59.36,62.14,59.24,236903,668829536.0,4.77,-2.43,-1.48,6.18,SZ300773
643,2021-12-16,59.96,60.04,60.98,59.48,167542,470885360.0,2.53,1.15,0.68,4.37,SZ300773
644,2021-12-17,59.62,60.72,63.0,59.2,288715,825754016.0,6.33,1.13,0.68,7.53,SZ300773
645,2021-12-20,60.62,61.34,62.6,59.44,243656,699118608.0,5.2,1.02,0.62,6.36,SZ300773
646,2021-12-21,60.56,61.86,62.92,60.46,223406,648559632.0,4.01,0.85,0.52,5.83,SZ300773
647,2021-12-22,61.56,60.92,63.16,60.56,209154,603165648.0,4.2,-1.52,-0.94,5.46,SZ300773
648,2021-12-23,60.52,61.28,61.74,60.22,147528,419910672.0,2.5,0.59,0.36,3.85,SZ300773
649,2021-12-24,60.98,57.96,61.2,57.84,214247,589140032.0,5.48,-5.42,-3.32,5.59,SZ300773
650,2021-12-27,58.36,59.14,59.94,58.22,127701,352857648.0,2.97,2.04,1.18,3.33,SZ300773
651,2021-12-28,59.5,61.28,62.96,59.34,230752,664555392.0,6.12,3.62,2.14,6.02,SZ300773
652,2021-12-29,61.76,61.14,61.8,60.46,120830,345279056.0,2.19,-0.23,-0.14,3.15,SZ300773
653,2021-12-30,61.06,62.12,62.72,60.6,157215,455642432.0,3.47,1.6,0.98,4.1,SZ300773
654,2021-12-31,62.16,62.04,62.9,61.42,146776,426907904.0,2.38,-0.13,-0.08,3.83,SZ300773
655,2022-01-04,62.66,63.26,64.3,62.12,249477,739560896.0,3.51,1.97,1.22,6.51,SZ300773
656,2022-01-05,64.0,62.6,64.38,61.8,211223,622468464.0,4.08,-1.04,-0.66,5.51,SZ300773
657,2022-01-06,62.0,62.96,64.72,61.64,234440,697808144.0,4.92,0.58,0.36,6.12,SZ300773
658,2022-01-07,64.38,61.62,65.9,61.4,328757,986360624.0,7.15,-2.13,-1.34,8.58,SZ300773
659,2022-01-10,61.08,63.8,64.56,60.6,250189,737831936.0,6.43,3.54,2.18,6.53,SZ300773
660,2022-01-11,63.2,62.0,63.76,61.42,190161,551701200.0,3.67,-2.82,-1.8,4.96,SZ300773
661,2022-01-12,61.78,62.0,63.36,61.56,159554,465785152.0,2.9,0.0,0.0,4.16,SZ300773
662,2022-01-13,62.2,60.92,63.24,60.64,209894,606477568.0,4.19,-1.74,-1.08,5.48,SZ300773
663,2022-01-14,60.46,59.82,61.34,59.52,183441,516478848.0,2.99,-1.81,-1.1,4.79,SZ300773
664,2022-01-17,60.48,64.6,65.32,60.46,471820,1408673392.0,8.12,7.99,4.78,12.31,SZ300773
665,2022-01-18,65.08,63.48,65.52,63.32,354684,1070088288.0,3.41,-1.73,-1.12,9.25,SZ300773
666,2022-01-19,62.88,63.34,64.22,62.6,196484,583538816.0,2.55,-0.22,-0.14,5.13,SZ300773
667,2022-01-20,63.48,62.4,63.84,60.86,234873,681367408.0,4.7,-1.48,-0.94,6.13,SZ300773
668,2022-01-21,61.88,61.08,63.26,61.06,166934,483045728.0,3.53,-2.12,-1.32,4.36,SZ300773
669,2022-01-24,60.3,62.4,63.52,60.02,209911,615145632.0,5.73,2.16,1.32,5.48,SZ300773
670,2022-01-25,62.0,57.42,62.0,57.4,251033,691078720.0,7.37,-7.98,-4.98,6.55,SZ300773
671,2022-01-26,57.4,57.74,59.0,56.42,128262,343163504.0,4.49,0.56,0.32,3.35,SZ300773
672,2022-01-27,57.26,54.74,57.8,54.7,135388,349751664.0,5.37,-5.2,-3.0,3.53,SZ300773
673,2022-01-28,55.38,55.8,56.68,55.3,110038,286088400.0,2.52,1.94,1.06,2.87,SZ300773
674,2022-02-07,57.5,56.56,57.68,56.12,92597,244700909.0,2.8,1.36,0.76,2.42,SZ300773
675,2022-02-08,56.06,57.88,57.98,55.66,110077,292567488.0,4.1,2.33,1.32,2.87,SZ300773
676,2022-02-09,58.4,63.54,64.54,58.28,440983,1283205696.0,10.82,9.78,5.66,11.51,SZ300773
677,2022-02-10,63.2,62.84,63.74,61.8,249788,735574272.0,3.05,-1.1,-0.7,6.52,SZ300773
678,2022-02-11,62.58,63.1,64.56,62.36,301172,898980480.0,3.5,0.41,0.26,7.86,SZ300773
679,2022-02-14,62.08,62.12,63.4,61.62,184468,537658320.0,2.82,-1.55,-0.98,4.81,SZ300773
680,2022-02-15,63.58,62.84,64.72,62.14,246397,729864016.0,4.15,1.16,0.72,6.43,SZ300773
681,2022-02-16,63.74,61.78,64.28,61.3,211951,616065792.0,4.74,-1.69,-1.06,5.53,SZ300773
682,2022-02-17,60.84,60.48,62.16,60.22,181476,517505168.0,3.14,-2.1,-1.3,4.73,SZ300773
683,2022-02-18,59.76,60.78,60.88,59.28,136839,384798112.0,2.65,0.5,0.3,3.57,SZ300773
684,2022-02-21,60.34,60.78,61.74,60.18,194658,554964256.0,2.57,0.0,0.0,5.08,SZ300773
685,2022-02-22,59.66,58.44,59.86,58.0,195526,535062880.0,3.06,-3.85,-2.34,5.1,SZ300773
686,2022-02-23,58.44,58.8,59.1,58.0,126090,344222384.0,1.88,0.62,0.36,3.29,SZ300773
687,2022-02-24,58.0,54.58,58.52,53.6,309888,806087376.0,8.37,-7.18,-4.22,8.09,SZ300773
688,2022-02-25,55.24,55.16,56.24,54.6,155456,397966272.0,3.0,1.06,0.58,4.06,SZ300773
689,2022-02-28,58.7,57.64,59.54,56.88,269684,729026768.0,4.82,4.5,2.48,7.04,SZ300773
690,2022-03-01,57.64,57.16,58.4,56.68,166381,443703184.0,2.98,-0.83,-0.48,4.34,SZ300773
691,2022-03-02,56.54,56.8,57.58,56.36,123021,326030448.0,2.13,-0.63,-0.36,3.21,SZ300773
692,2022-03-03,56.78,57.4,57.4,55.8,152206,399730080.0,2.82,1.06,0.6,3.97,SZ300773
693,2022-03-04,56.82,55.76,56.92,55.6,111653,291059632.0,2.3,-2.86,-1.64,2.91,SZ300773
694,2022-03-07,55.8,54.7,55.9,54.4,97384,248733018.0,2.69,-1.9,-1.06,2.54,SZ300773
695,2022-03-08,54.54,54.34,55.26,53.68,90530,228657890.0,2.89,-0.66,-0.36,2.36,SZ300773
696,2022-03-09,54.5,52.9,54.94,50.74,116971,285715264.0,7.73,-2.65,-1.44,3.05,SZ300773
697,2022-03-10,54.02,53.38,54.5,53.3,104241,259984551.0,2.27,0.91,0.48,2.72,SZ300773
698,2022-03-11,52.24,53.5,53.9,51.38,118477,287194832.0,4.72,0.22,0.12,3.09,SZ300773
699,2022-03-14,52.9,51.92,53.5,51.82,74864,182257335.0,3.14,-2.95,-1.58,1.95,SZ300773
700,2022-03-15,52.28,49.94,52.8,49.92,106106,252914636.0,5.55,-3.81,-1.98,2.77,SZ300773
701,2022-03-16,50.6,50.94,51.18,48.72,115335,266991743.0,4.93,2.0,1.0,3.01,SZ300773
702,2022-03-17,51.24,51.76,52.66,50.92,135848,324511776.0,3.42,1.61,0.82,3.54,SZ300773
703,2022-03-18,51.32,51.74,51.96,51.04,105745,251068679.0,1.78,-0.04,-0.02,2.76,SZ300773
704,2022-03-21,51.6,51.26,52.18,50.8,91928,218601964.0,2.67,-0.93,-0.48,2.4,SZ300773
705,2022-03-22,51.02,52.0,52.56,50.64,106571,255647005.0,3.75,1.44,0.74,2.78,SZ300773
706,2022-03-23,51.98,51.84,52.3,51.34,87596,208850608.0,1.85,-0.31,-0.16,2.29,SZ300773
707,2022-03-24,51.74,50.1,51.74,49.96,95357,221410647.0,3.43,-3.36,-1.74,2.49,SZ300773
708,2022-03-25,50.72,50.2,51.52,50.14,83148,194607412.0,2.75,0.2,0.1,2.17,SZ300773
709,2022-03-28,49.5,49.76,50.54,49.1,54639,125291748.0,2.87,-0.88,-0.44,1.43,SZ300773
710,2022-03-29,50.0,49.06,50.04,48.86,75578,171188644.0,2.37,-1.41,-0.7,1.97,SZ300773
711,2022-03-30,49.52,49.98,50.2,48.88,78178,178174158.0,2.69,1.88,0.92,2.04,SZ300773
712,2022-03-31,49.76,51.34,51.92,49.46,166766,392264304.0,4.92,2.72,1.36,4.35,SZ300773
713,2022-04-01,50.74,51.02,51.6,50.32,102305,239738038.0,2.49,-0.62,-0.32,2.67,SZ300773
714,2022-04-06,51.6,52.48,53.2,51.38,160818,388152784.0,3.57,2.86,1.46,4.2,SZ300773
715,2022-04-07,52.18,50.36,52.42,50.36,118980,281057664.0,3.93,-4.04,-2.12,3.1,SZ300773
716,2022-04-08,50.48,49.78,50.52,48.92,85360,194669283.0,3.18,-1.15,-0.58,2.23,SZ300773
717,2022-04-11,49.2,46.62,49.48,46.38,123169,268454464.0,6.23,-6.35,-3.16,3.21,SZ300773
718,2022-04-12,46.66,47.44,47.54,46.02,71172,152673284.0,3.26,1.76,0.82,1.86,SZ300773
719,2022-04-13,46.98,45.68,47.26,45.64,70313,148609406.0,3.41,-3.71,-1.76,1.83,SZ300773
720,2022-04-14,46.04,45.76,46.44,45.68,50267,105490647.0,1.66,0.18,0.08,1.31,SZ300773
721,2022-04-15,45.4,43.76,45.4,43.3,123803,247078530.0,4.59,-4.37,-2.0,3.23,SZ300773
722,2022-04-18,43.18,43.38,43.82,42.3,64284,125498893.0,3.47,-0.87,-0.38,1.68,SZ300773
723,2022-04-19,43.1,43.56,43.8,43.1,48996,96737840.0,1.61,0.41,0.18,1.28,SZ300773
724,2022-04-20,43.8,43.22,44.4,43.12,67248,133690568.0,2.94,-0.78,-0.34,1.75,SZ300773
725,2022-04-21,42.74,41.66,43.3,41.38,71680,137382628.0,4.44,-3.61,-1.56,1.87,SZ300773
726,2022-04-22,41.1,40.82,41.92,40.82,70956,132376346.0,2.64,-2.02,-0.84,1.85,SZ300773
727,2022-04-25,40.06,38.54,40.64,38.48,124249,221786192.0,5.29,-5.59,-2.28,1.64,SZ300773
728,2022-04-26,38.54,38.2,39.66,38.16,95804,167063036.0,3.89,-0.88,-0.34,1.27,SZ300773
729,2022-04-27,37.8,39.5,39.54,37.5,89850,155536398.0,5.34,3.4,1.3,1.19,SZ300773
730,2022-04-28,39.1,38.54,39.26,37.84,93017,160412221.0,3.59,-2.43,-0.96,1.23,SZ300773
731,2022-04-29,38.5,39.82,40.04,38.3,123295,217508553.0,4.51,3.32,1.28,1.63,SZ300773
732,2022-05-05,39.56,41.26,41.8,39.4,133988,247410528.0,6.03,3.62,1.44,1.77,SZ300773
733,2022-05-06,40.16,41.44,42.6,40.08,136995,256144865.0,6.11,0.44,0.18,1.81,SZ300773
734,2022-05-09,41.44,41.66,42.16,40.76,94009,176500244.0,3.38,0.53,0.22,1.24,SZ300773
735,2022-05-10,41.0,41.7,42.14,40.78,117317,220498090.0,3.26,0.1,0.04,1.55,SZ300773
736,2022-05-11,41.42,41.6,42.98,41.32,159562,305365744.0,3.98,-0.24,-0.1,2.11,SZ300773
737,2022-05-12,41.16,41.8,42.16,41.12,86504,163518992.0,2.5,0.48,0.2,1.14,SZ300773
738,2022-05-13,41.94,42.3,42.68,41.78,80829,154382428.0,2.15,1.2,0.5,1.07,SZ300773
739,2022-05-16,42.16,41.76,42.46,41.54,88345,167574822.0,2.17,-1.28,-0.54,1.17,SZ300773
740,2022-05-17,41.76,41.64,41.82,40.94,60303,112628873.0,2.11,-0.29,-0.12,0.8,SZ300773
741,2022-05-18,42.24,41.76,43.32,41.72,110477,212756621.0,3.84,0.29,0.12,1.46,SZ300773
742,2022-05-19,41.08,41.38,41.44,40.8,73625,136783980.0,1.53,-0.91,-0.38,0.97,SZ300773
743,2022-05-20,41.9,41.92,42.14,41.42,71791,135776852.0,1.74,1.3,0.54,0.95,SZ300773
744,2022-05-23,41.92,42.32,42.34,41.7,67656,128928628.0,1.53,0.95,0.4,0.89,SZ300773
745,2022-05-24,42.36,39.7,42.38,39.62,115773,213525587.0,6.52,-6.19,-2.62,1.53,SZ300773
746,2022-05-25,39.6,40.44,41.06,39.58,73934,134733875.0,3.73,1.86,0.74,0.98,SZ300773
747,2022-05-26,40.6,40.78,41.02,39.98,70297,128664085.0,2.57,0.84,0.34,0.93,SZ300773
748,2022-05-27,40.96,40.36,41.3,40.1,67348,123261326.0,2.94,-1.03,-0.42,0.89,SZ300773
749,2022-05-30,40.46,40.48,40.72,40.14,53484,97468789.0,1.44,0.3,0.12,0.71,SZ300773
750,2022-05-31,40.64,40.44,40.64,39.7,124281,225311289.0,2.32,-0.1,-0.04,1.64,SZ300773
751,2022-06-01,40.5,40.48,40.96,40.2,91551,167529045.0,1.88,0.1,0.04,1.21,SZ300773
752,2022-06-02,40.3,40.48,40.64,39.64,111235,201092580.0,2.47,0.0,0.0,1.47,SZ300773
753,2022-06-06,40.6,41.4,41.4,40.5,157142,290915840.0,2.22,2.27,0.92,2.08,SZ300773
754,2022-06-07,41.28,40.42,41.6,40.16,174714,320784384.0,3.48,-2.37,-0.98,2.31,SZ300773
755,2022-06-08,40.46,40.18,41.16,39.48,164595,298087568.0,4.16,-0.59,-0.24,2.18,SZ300773
756,2022-06-09,40.24,39.48,40.26,39.3,114339,203790092.0,2.39,-1.74,-0.7,1.51,SZ300773
757,2022-06-10,39.26,39.8,39.96,39.14,117382,209616184.0,2.08,0.81,0.32,1.55,SZ300773
758,2022-06-13,39.56,40.16,40.34,39.42,109961,197630794.0,2.31,0.9,0.36,1.45,SZ300773
759,2022-06-14,39.62,39.86,39.96,38.5,139218,245660185.0,3.64,-0.75,-0.3,1.84,SZ300773
760,2022-06-15,39.84,41.48,42.1,39.84,350739,652015424.0,5.67,4.06,1.62,4.64,SZ300773
761,2022-06-16,41.4,41.52,42.02,41.12,203230,381640112.0,2.17,0.1,0.04,2.69,SZ300773
762,2022-06-17,41.4,41.06,41.4,40.24,181451,334529712.0,2.79,-1.11,-0.46,2.4,SZ300773
763,2022-06-20,41.0,41.08,41.44,40.62,132821,245609326.0,2.0,0.05,0.02,1.76,SZ300773
764,2022-06-21,41.46,41.64,42.5,41.06,239541,452364960.0,3.51,1.36,0.56,3.17,SZ300773
765,2022-06-22,41.42,40.6,41.74,40.58,148762,275257584.0,2.79,-2.5,-1.04,1.97,SZ300773
766,2022-06-23,40.54,41.18,41.18,40.38,134251,247127709.0,1.97,1.43,0.58,1.78,SZ300773
767,2022-06-24,41.2,41.26,41.9,41.14,171911,321979520.0,1.85,0.19,0.08,2.27,SZ300773
768,2022-06-27,41.3,41.74,41.9,41.28,161109,302919760.0,1.5,1.16,0.48,2.13,SZ300773
769,2022-06-28,42.06,42.24,42.34,41.52,187122,354763056.0,1.96,1.2,0.5,2.47,SZ300773
770,2022-06-29,42.1,41.5,42.7,41.48,180422,342624240.0,2.89,-1.75,-0.74,2.39,SZ300773
771,2022-06-30,41.52,42.12,42.22,41.42,144726,273579328.0,1.93,1.49,0.62,1.91,SZ300773
772,2022-07-01,42.96,42.16,43.3,42.12,247038,475936624.0,2.8,0.09,0.04,3.26,SZ300773
773,2022-07-04,42.0,41.66,42.26,41.26,146206,274397776.0,2.37,-1.19,-0.5,1.93,SZ300773
774,2022-07-05,41.68,40.82,41.8,40.4,153791,284035328.0,3.36,-2.02,-0.84,2.03,SZ300773
775,2022-07-06,40.66,39.92,40.76,39.64,137969,249243179.0,2.74,-2.2,-0.9,1.82,SZ300773
776,2022-07-07,40.1,39.84,40.24,39.66,107788,193493875.0,1.45,-0.2,-0.08,1.42,SZ300773
777,2022-07-08,39.8,39.92,40.34,39.76,124521,224416052.0,1.46,0.2,0.08,1.64,SZ300773
778,2022-07-11,39.8,39.16,39.84,38.9,93834,164787896.0,2.35,-1.9,-0.76,1.24,SZ300773
779,2022-07-12,39.28,38.56,39.32,38.54,88283,153811568.0,1.99,-1.53,-0.6,1.17,SZ300773
780,2022-07-13,38.62,38.96,39.04,38.62,60566,105622376.0,1.09,1.04,0.4,0.8,SZ300773
781,2022-07-14,38.86,39.0,39.24,38.76,68498,120053448.0,1.23,0.1,0.04,0.9,SZ300773
782,2022-07-15,38.94,37.92,38.96,37.88,112349,192676769.0,2.77,-2.77,-1.08,1.48,SZ300773
783,2022-07-18,37.96,38.88,38.92,37.96,87402,151227946.0,2.53,2.53,0.96,1.15,SZ300773
784,2022-07-19,39.0,39.72,39.74,38.8,108573,192469929.0,2.42,2.16,0.84,1.43,SZ300773
785,2022-07-20,39.7,39.86,39.94,39.44,80377,143432956.0,1.26,0.35,0.14,1.06,SZ300773
786,2022-07-21,39.62,39.44,40.04,39.42,86418,154257499.0,1.56,-1.05,-0.42,1.14,SZ300773
787,2022-07-22,39.4,39.08,39.72,38.68,77425,136123233.0,2.64,-0.91,-0.36,1.02,SZ300773
788,2022-07-25,39.66,39.08,40.06,38.76,91775,162663761.0,3.33,0.0,0.0,1.21,SZ300773
789,2022-07-26,39.08,40.08,40.3,39.0,135758,243862128.0,3.33,2.56,1.0,1.79,SZ300773
790,2022-07-27,39.8,40.02,40.04,39.5,90526,161818314.0,1.35,-0.15,-0.06,1.2,SZ300773
791,2022-07-28,40.24,40.06,40.48,39.96,116760,211601992.0,1.3,0.1,0.04,1.54,SZ300773
792,2022-07-29,39.88,39.52,40.04,39.24,98551,175485201.0,2.0,-1.35,-0.54,1.3,SZ300773
793,2022-08-01,39.44,39.66,39.88,38.94,74099,131512299.0,2.38,0.35,0.14,0.98,SZ300773
794,2022-08-02,39.4,37.5,39.4,37.3,151102,255401700.0,5.3,-5.45,-2.16,2.0,SZ300773
795,2022-08-03,37.4,37.58,38.54,37.4,107584,183042229.0,3.04,0.21,0.08,1.42,SZ300773
796,2022-08-04,37.98,38.04,38.16,37.54,68519,116019955.0,1.65,1.22,0.46,0.9,SZ300773
797,2022-08-05,38.22,39.64,39.74,38.14,165581,290508865.0,4.21,4.21,1.6,2.19,SZ300773
798,2022-08-08,39.7,39.36,39.7,39.14,96442,170326370.0,1.41,-0.71,-0.28,1.27,SZ300773
799,2022-08-09,39.3,38.98,39.46,38.7,83236,145318383.0,1.93,-0.97,-0.38,1.1,SZ300773
800,2022-08-10,38.62,38.76,39.14,38.56,72503,126243607.0,1.49,-0.56,-0.22,0.96,SZ300773
801,2022-08-11,39.06,39.7,39.78,38.94,130265,230948425.0,2.17,2.43,0.94,1.72,SZ300773
802,2022-08-12,39.6,40.48,41.0,39.38,202773,369018890.0,4.08,1.96,0.78,2.68,SZ300773
803,2022-08-15,40.2,40.12,40.34,39.66,134245,240967014.0,1.68,-0.89,-0.36,1.77,SZ300773
804,2022-08-16,40.5,40.2,40.82,40.02,130765,237190639.0,1.99,0.2,0.08,1.73,SZ300773
805,2022-08-17,40.12,40.14,40.38,39.62,96198,172661000.0,1.89,-0.15,-0.06,1.27,SZ300773
806,2022-08-18,40.02,39.74,40.06,39.5,75739,135291658.0,1.4,-1.0,-0.4,1.0,SZ300773
807,2022-08-19,39.76,39.92,40.24,39.52,116763,209476147.0,1.81,0.45,0.18,1.54,SZ300773
808,2022-08-22,39.6,39.6,40.04,38.7,99951,178173864.0,3.36,-0.8,-0.32,1.32,SZ300773
809,2022-08-23,39.6,39.12,39.6,38.92,85381,149933631.0,1.72,-1.21,-0.48,1.13,SZ300773
810,2022-08-24,39.1,38.1,39.26,38.02,97544,168421453.0,3.17,-2.61,-1.02,1.29,SZ300773
811,2022-08-25,38.2,38.34,38.4,37.76,81332,138438659.0,1.68,0.63,0.24,1.07,SZ300773
812,2022-08-26,38.4,37.86,38.5,37.8,68198,116266518.0,1.83,-1.25,-0.48,0.9,SZ300773
813,2022-08-29,37.42,37.92,37.96,37.08,55941,93790438.0,2.32,0.16,0.06,0.74,SZ300773
814,2022-08-30,37.2,36.7,37.36,36.34,155460,254330848.0,2.69,-3.22,-1.22,2.05,SZ300773
815,2022-08-31,36.5,36.44,36.76,36.22,80823,131031476.0,1.47,-0.71,-0.26,1.07,SZ300773
816,2022-09-01,36.36,36.54,37.06,36.32,76247,124913344.0,2.03,0.27,0.1,1.01,SZ300773
817,2022-09-02,36.5,36.96,37.4,36.5,68911,113791224.0,2.46,1.15,0.42,0.91,SZ300773
818,2022-09-05,36.9,36.72,37.14,36.48,55992,91413116.0,1.79,-0.65,-0.24,0.74,SZ300773
819,2022-09-06,36.74,36.92,36.94,36.48,59860,97968610.0,1.25,0.54,0.2,0.79,SZ300773
820,2022-09-07,36.9,37.18,37.36,36.54,80550,132534042.0,2.22,0.7,0.26,1.06,SZ300773
821,2022-09-08,37.0,36.56,37.14,36.54,61231,100343942.0,1.61,-1.67,-0.62,0.81,SZ300773
822,2022-09-09,36.6,37.0,37.28,36.58,87596,144831695.0,1.91,1.2,0.44,1.16,SZ300773
823,2022-09-13,37.46,37.16,37.9,37.12,92858,155540827.0,2.11,0.43,0.16,1.23,SZ300773
824,2022-09-14,36.62,36.7,36.78,36.5,62646,102214129.0,0.75,-1.24,-0.46,0.83,SZ300773
825,2022-09-15,36.7,36.74,37.34,36.42,101523,167018041.0,2.51,0.11,0.04,1.34,SZ300773
826,2022-09-16,36.56,36.18,37.3,36.18,118042,193730918.0,3.05,-1.52,-0.56,1.56,SZ300773
827,2022-09-19,36.02,33.88,36.04,33.54,131356,198752458.0,6.91,-6.36,-2.3,1.73,SZ300773
828,2022-09-20,34.12,34.0,34.52,33.88,56655,85248152.0,1.89,0.35,0.12,0.75,SZ300773
829,2022-09-21,33.86,34.32,34.52,33.06,72798,108530355.0,4.29,0.94,0.32,0.96,SZ300773
830,2022-09-22,34.0,34.48,35.24,33.84,73186,112685831.0,4.08,0.47,0.16,0.97,SZ300773
831,2022-09-23,34.32,33.64,34.64,33.46,57458,86159802.0,3.42,-2.44,-0.84,0.76,SZ300773
832,2022-09-26,33.4,32.3,33.54,32.26,84867,122423606.0,3.8,-3.98,-1.34,1.12,SZ300773
833,2022-09-27,32.5,32.82,32.84,32.28,64254,91779156.0,1.73,1.61,0.52,0.85,SZ300773
834,2022-09-28,32.7,32.02,32.92,32.02,59467,84438809.0,2.74,-2.44,-0.8,0.79,SZ300773
835,2022-09-29,32.44,31.88,33.02,31.8,84489,120113961.0,3.81,-0.44,-0.14,1.12,SZ300773
836,2022-09-30,31.3,31.36,32.18,31.12,91662,126688925.0,3.32,-1.63,-0.52,1.21,SZ300773
837,2022-10-10,31.54,31.2,31.94,31.14,74570,102578737.0,2.55,-0.51,-0.16,0.98,SZ300773
838,2022-10-11,31.3,31.2,31.46,30.64,64116,86729623.0,2.63,0.0,0.0,0.85,SZ300773
839,2022-10-12,31.32,32.16,32.16,30.92,84232,116213190.0,3.97,3.08,0.96,1.11,SZ300773
840,2022-10-13,32.3,32.72,33.4,32.3,182507,263920649.0,3.42,1.74,0.56,2.41,SZ300773
841,2022-10-14,32.78,33.1,33.32,32.66,115691,168099041.0,2.02,1.16,0.38,1.53,SZ300773
842,2022-10-17,32.82,33.3,33.54,32.76,136829,200682052.0,2.36,0.6,0.2,1.81,SZ300773
843,2022-10-18,33.36,32.98,33.4,32.86,90182,130802207.0,1.62,-0.96,-0.32,1.19,SZ300773
844,2022-10-19,33.0,32.64,33.1,32.42,87465,125715881.0,2.06,-1.03,-0.34,1.15,SZ300773
845,2022-10-20,32.56,32.64,33.12,32.36,92696,133250109.0,2.33,0.0,0.0,1.22,SZ300773
846,2022-10-21,32.78,32.28,32.96,32.08,87497,124108346.0,2.7,-1.1,-0.36,1.16,SZ300773
847,2022-10-24,32.4,31.68,33.06,31.52,91057,129073770.0,4.77,-1.86,-0.6,1.2,SZ300773
848,2022-10-25,31.66,31.0,31.92,30.68,91879,124763772.0,3.91,-2.15,-0.68,1.21,SZ300773
849,2022-10-26,31.12,32.44,32.66,31.06,144973,203910941.0,5.16,4.65,1.44,1.91,SZ300773
850,2022-10-27,32.54,32.74,33.18,32.2,111139,160034142.0,3.02,0.92,0.3,1.47,SZ300773
851,2022-10-28,32.64,31.6,32.92,31.4,94654,133574610.0,4.64,-3.48,-1.14,1.25,SZ300773
852,2022-10-31,31.8,33.28,33.64,31.6,170127,246337142.0,6.46,5.32,1.68,2.25,SZ300773
853,2022-11-01,33.32,33.46,33.54,32.84,149885,218884792.0,2.1,0.54,0.18,1.98,SZ300773
854,2022-11-02,33.92,34.02,34.22,33.46,194703,290826138.0,2.27,1.67,0.56,2.57,SZ300773
855,2022-11-03,33.72,33.4,33.82,33.12,124922,183739554.0,2.06,-1.82,-0.62,1.65,SZ300773
856,2022-11-04,33.38,33.86,34.02,33.26,129327,192307119.0,2.28,1.38,0.46,1.71,SZ300773
857,2022-11-07,33.76,33.78,34.3,33.62,114422,171181911.0,2.01,-0.24,-0.08,1.51,SZ300773
858,2022-11-08,33.68,34.16,34.2,33.34,165212,246966968.0,2.55,1.12,0.38,2.18,SZ300773
859,2022-11-09,34.02,33.84,34.2,33.6,98994,147919622.0,1.76,-0.94,-0.32,1.31,SZ300773
860,2022-11-10,33.52,34.1,34.3,33.46,122763,184004779.0,2.48,0.77,0.26,1.62,SZ300773
861,2022-11-11,34.9,33.7,35.0,33.68,200228,301838878.0,3.87,-1.17,-0.4,2.64,SZ300773
862,2022-11-14,33.62,34.0,34.1,33.46,141173,210324855.0,1.9,0.89,0.3,1.86,SZ300773
863,2022-11-15,33.78,34.4,34.56,33.7,176068,266555008.0,2.53,1.18,0.4,2.32,SZ300773
864,2022-11-16,34.46,34.14,34.66,34.02,123725,187635702.0,1.86,-0.76,-0.26,1.63,SZ300773
865,2022-11-17,34.32,35.24,35.26,34.14,228162,351238515.0,3.28,3.22,1.1,3.01,SZ300773
866,2022-11-18,35.0,34.44,35.2,34.32,204527,315516507.0,2.5,-2.27,-0.8,2.7,SZ300773
867,2022-11-21,34.26,33.92,34.46,33.62,130219,194464894.0,2.44,-1.51,-0.52,1.72,SZ300773
868,2022-11-22,33.84,33.42,34.12,33.32,116893,174008588.0,2.36,-1.47,-0.5,1.54,SZ300773
869,2022-11-23,33.48,32.92,33.56,32.48,108839,157280940.0,3.23,-1.5,-0.5,1.44,SZ300773
870,2022-11-24,33.0,33.18,33.38,32.82,84777,123416510.0,1.7,0.79,0.26,1.12,SZ300773
871,2022-11-25,33.18,33.02,33.78,33.0,91587,134554855.0,2.35,-0.48,-0.16,1.21,SZ300773
872,2022-11-28,32.44,32.68,32.86,32.4,72257,103287403.0,1.39,-1.03,-0.34,0.95,SZ300773
873,2022-11-29,32.68,33.5,33.54,32.68,99887,146057612.0,2.63,2.51,0.82,1.32,SZ300773
874,2022-11-30,33.4,33.2,33.54,33.1,69818,102210383.0,1.31,-0.9,-0.3,0.92,SZ300773
875,2022-12-01,33.44,33.9,34.56,33.4,184777,277632388.0,3.49,2.11,0.7,2.44,SZ300773
876,2022-12-02,33.76,34.46,34.54,33.74,153541,232715156.0,2.36,1.65,0.56,2.03,SZ300773
877,2022-12-05,34.7,34.76,35.04,34.48,162033,248986817.0,1.63,0.87,0.3,2.14,SZ300773
878,2022-12-06,34.52,34.54,34.92,34.36,118940,182066426.0,1.61,-0.63,-0.22,1.57,SZ300773
879,2022-12-07,34.44,34.96,35.18,34.36,148288,228428715.0,2.37,1.22,0.42,1.96,SZ300773
880,2022-12-08,35.1,34.24,35.3,34.16,132132,201076020.0,3.26,-2.06,-0.72,1.74,SZ300773
881,2022-12-09,34.26,33.92,34.46,33.64,149731,223777956.0,2.39,-0.93,-0.32,1.98,SZ300773
882,2022-12-12,33.9,33.82,34.16,33.7,82490,123240050.0,1.36,-0.29,-0.1,1.09,SZ300773
883,2022-12-13,33.84,33.58,34.44,33.5,101627,151937683.0,2.78,-0.71,-0.24,1.34,SZ300773
884,2022-12-14,33.58,33.58,34.04,33.46,79161,117683656.0,1.73,0.0,0.0,1.05,SZ300773
885,2022-12-15,33.58,34.56,34.66,33.44,159029,240620424.0,3.63,2.92,0.98,2.1,SZ300773
886,2022-12-16,34.36,34.76,34.86,34.0,157703,239999706.0,2.49,0.58,0.2,2.08,SZ300773
887,2022-12-19,35.16,36.4,37.6,34.9,503290,818033394.0,7.77,4.72,1.64,6.65,SZ300773
888,2022-12-20,37.08,35.96,37.38,35.78,279317,454307575.0,4.4,-1.21,-0.44,3.69,SZ300773
889,2022-12-21,35.78,36.12,36.72,35.42,200722,322887017.0,3.62,0.44,0.16,2.65,SZ300773
890,2022-12-22,36.0,34.76,36.08,34.6,189325,294934102.0,4.1,-3.77,-1.36,2.5,SZ300773
891,2022-12-23,34.42,36.46,36.96,34.42,255933,409357550.0,7.31,4.89,1.7,3.38,SZ300773
892,2022-12-26,36.4,37.22,37.28,35.58,238839,389324546.0,4.66,2.08,0.76,3.15,SZ300773
893,2022-12-27,37.3,36.98,37.44,36.56,179783,295818610.0,2.36,-0.64,-0.24,2.37,SZ300773
894,2022-12-28,36.8,36.4,36.8,35.98,151343,244098937.0,2.22,-1.57,-0.58,2.0,SZ300773
895,2022-12-29,36.0,37.82,38.44,35.92,341570,575827933.0,6.92,3.9,1.42,4.51,SZ300773
896,2022-12-30,37.52,37.76,38.1,37.4,195372,329458601.0,1.85,-0.16,-0.06,2.58,SZ300773
897,2023-01-03,37.4,38.72,39.36,36.62,336951,576981154.0,7.26,2.54,0.96,4.45,SZ300773
898,2023-01-04,38.5,38.84,39.12,38.24,210285,364056280.0,2.27,0.31,0.12,2.78,SZ300773
899,2023-01-05,39.2,38.52,39.6,38.42,228751,399436131.0,3.04,-0.82,-0.32,3.02,SZ300773
900,2023-01-06,38.36,37.96,38.48,37.8,201202,342853085.0,1.77,-1.45,-0.56,2.66,SZ300773
901,2023-01-09,38.38,38.2,39.54,38.0,226245,393229837.0,4.06,0.63,0.24,2.99,SZ300773
902,2023-01-10,38.18,37.6,38.18,37.38,152231,255754553.0,2.09,-1.57,-0.6,2.01,SZ300773
903,2023-01-11,37.6,37.14,37.96,37.08,140747,235988570.0,2.34,-1.22,-0.46,1.86,SZ300773
904,2023-01-12,37.58,37.36,38.48,37.1,144084,242242916.0,3.72,0.59,0.22,1.9,SZ300773
905,2023-01-13,37.42,37.5,37.56,36.82,126972,210838876.0,1.98,0.37,0.14,1.68,SZ300773
906,2023-01-16,36.7,36.52,37.08,35.98,216014,350621102.0,2.93,-2.61,-0.98,2.85,SZ300773
907,2023-01-17,36.32,35.9,36.58,35.72,153215,245581687.0,2.35,-1.7,-0.62,2.02,SZ300773
908,2023-01-18,35.96,36.12,36.32,35.88,79393,127649670.0,1.23,0.61,0.22,1.05,SZ300773
909,2023-01-19,36.0,36.66,36.68,35.92,96816,156784703.0,2.1,1.5,0.54,1.28,SZ300773
910,2023-01-20,36.82,36.7,37.06,36.52,102521,167884473.0,1.47,0.11,0.04,1.35,SZ300773
911,2023-01-30,37.22,37.12,38.14,37.1,182952,307042610.0,2.83,1.14,0.42,2.42,SZ300773
912,2023-01-31,37.06,37.58,37.58,36.9,127242,211577545.0,1.83,1.24,0.46,1.68,SZ300773
913,2023-02-01,37.4,38.3,38.42,37.0,203237,343872584.0,3.78,1.92,0.72,2.68,SZ300773
914,2023-02-02,38.32,37.86,38.4,37.82,156223,265635058.0,1.51,-1.15,-0.44,2.06,SZ300773
915,2023-02-03,38.1,40.56,41.0,37.82,532447,946580683.0,8.4,7.13,2.7,7.03,SZ300773
916,2023-02-06,41.18,42.18,43.58,40.96,587990,1127882467.0,6.46,3.99,1.62,7.76,SZ300773
917,2023-02-07,42.3,41.52,42.34,40.94,306968,576565757.0,3.32,-1.56,-0.66,4.05,SZ300773
918,2023-02-08,41.52,40.8,41.52,40.3,198324,364850491.0,2.94,-1.73,-0.72,2.62,SZ300773
919,2023-02-09,40.42,45.18,45.68,40.0,626036,1238574320.0,13.92,10.74,4.38,8.27,SZ300773
920,2023-02-10,45.5,44.88,46.8,43.84,476955,985501555.0,6.55,-0.66,-0.3,6.3,SZ300773
921,2023-02-13,45.1,47.18,47.86,45.1,436055,932430948.0,6.15,5.12,2.3,5.76,SZ300773
922,2023-02-14,47.3,46.36,47.32,45.56,255056,541849183.0,3.73,-1.74,-0.82,3.37,SZ300773
923,2023-02-15,46.36,46.84,47.1,46.02,172550,367995783.0,2.33,1.04,0.48,2.28,SZ300773
924,2023-02-16,46.42,44.64,46.64,44.36,268207,556884194.0,4.87,-4.7,-2.2,3.54,SZ300773
925,2023-02-17,44.8,43.1,45.0,42.96,218005,432342365.0,4.57,-3.45,-1.54,2.88,SZ300773
926,2023-02-20,43.3,45.28,45.72,42.4,235880,474639837.0,7.7,5.06,2.18,3.11,SZ300773
927,2023-02-21,45.24,44.52,46.18,43.98,165720,338036545.0,4.86,-1.68,-0.76,2.19,SZ300773
928,2023-02-22,44.3,44.38,45.16,43.62,132238,266819976.0,3.46,-0.31,-0.14,1.75,SZ300773
929,2023-02-23,44.1,43.68,44.66,43.5,90540,181030949.0,2.61,-1.58,-0.7,1.2,SZ300773
930,2023-02-24,43.74,43.28,44.04,42.74,143923,282215883.0,2.98,-0.92,-0.4,1.9,SZ300773
931,2023-02-27,42.86,41.82,43.16,41.6,165169,315592412.0,3.6,-3.37,-1.46,2.18,SZ300773
932,2023-02-28,42.36,42.2,42.92,41.72,128834,246956628.0,2.87,0.91,0.38,1.7,SZ300773
933,2023-03-01,41.84,43.32,43.5,41.84,155266,302534530.0,3.93,2.65,1.12,2.05,SZ300773
934,2023-03-02,43.2,42.5,44.1,42.34,158274,309456925.0,4.06,-1.89,-0.82,2.09,SZ300773
935,2023-03-03,42.48,41.88,42.7,41.4,148921,281795457.0,3.06,-1.46,-0.62,1.97,SZ300773
936,2023-03-06,41.96,40.78,42.1,40.7,155579,288613553.0,3.34,-2.63,-1.1,2.05,SZ300773
937,2023-03-07,41.06,39.7,41.1,39.7,167066,302598026.0,3.43,-2.65,-1.08,2.21,SZ300773
938,2023-03-08,39.76,40.64,41.08,39.7,157677,288341405.0,3.48,2.37,0.94,2.08,SZ300773
939,2023-03-09,40.7,40.3,40.7,39.7,108402,195984137.0,2.46,-0.84,-0.34,1.43,SZ300773
940,2023-03-10,40.02,40.22,40.72,39.9,126962,230935742.0,2.03,-0.2,-0.08,1.68,SZ300773
941,2023-03-13,40.44,41.16,41.7,40.3,198064,367316791.0,3.48,2.34,0.94,2.62,SZ300773
942,2023-03-14,41.0,41.18,41.88,40.46,217669,404911732.0,3.45,0.05,0.02,2.87,SZ300773
943,2023-03-15,41.6,39.94,41.76,39.8,235041,426974041.0,4.76,-3.01,-1.24,3.1,SZ300773
944,2023-03-16,39.38,39.6,40.24,38.8,160109,284090998.0,3.61,-0.85,-0.34,2.11,SZ300773
945,2023-03-17,39.9,40.76,40.96,39.9,182706,332939778.0,2.68,2.93,1.16,2.41,SZ300773
946,2023-03-20,40.7,39.4,41.04,39.22,238415,427952140.0,4.47,-3.34,-1.36,3.15,SZ300773
947,2023-03-21,39.22,39.96,40.14,38.98,161854,288867054.0,2.94,1.42,0.56,2.14,SZ300773
948,2023-03-22,40.0,40.96,41.0,39.64,200595,366576306.0,3.4,2.5,1.0,2.65,SZ300773
949,2023-03-23,40.84,45.08,45.08,40.44,581593,1142744671.0,11.33,10.06,4.12,7.68,SZ300773
950,2023-03-24,44.94,44.1,45.36,43.44,429593,862531136.0,4.26,-2.17,-0.98,5.67,SZ300773
951,2023-03-27,44.1,43.44,44.16,42.58,303456,597059432.0,3.58,-1.5,-0.66,4.01,SZ300773
952,2023-03-28,42.86,41.6,43.16,41.42,351667,666358299.0,4.01,-4.24,-1.84,4.64,SZ300773
953,2023-03-29,41.8,41.82,42.62,40.26,325035,608108933.0,5.67,0.53,0.22,4.29,SZ300773
954,2023-03-30,41.2,41.18,41.6,40.52,211502,392689455.0,2.58,-1.53,-0.64,2.79,SZ300773
955,2023-03-31,41.28,41.56,41.84,40.32,222427,412927082.0,3.69,0.92,0.38,2.94,SZ300773
956,2023-04-03,41.22,42.5,42.72,40.44,389538,733435072.0,5.49,2.26,0.94,5.14,SZ300773
957,2023-04-04,42.06,44.1,44.84,42.0,532953,1048769862.0,6.68,3.76,1.6,7.03,SZ300773
958,2023-04-06,43.54,43.82,44.56,42.92,311175,616410290.0,3.72,-0.63,-0.28,4.11,SZ300773
959,2023-04-07,44.8,43.96,45.36,43.46,390184,786822432.0,4.34,0.32,0.14,5.15,SZ300773
960,2023-04-10,43.46,42.3,44.56,42.02,347286,680969870.0,5.78,-3.78,-1.66,4.58,SZ300773
961,2023-04-11,42.68,46.12,46.86,41.86,638908,1303924396.0,11.82,9.03,3.82,8.43,SZ300773
962,2023-04-12,45.98,45.82,46.2,44.84,417646,866383652.0,2.95,-0.65,-0.3,5.51,SZ300773
963,2023-04-13,46.0,45.7,47.84,45.44,530612,1133201624.0,5.24,-0.26,-0.12,7.0,SZ300773
964,2023-04-14,46.0,46.74,47.2,44.26,462123,972378081.0,6.43,2.28,1.04,6.1,SZ300773
965,2023-04-17,46.14,44.88,46.42,43.76,391199,797668524.0,5.69,-3.98,-1.86,5.16,SZ300773
966,2023-04-18,44.5,44.66,45.46,43.84,213385,434678564.0,3.61,-0.49,-0.22,2.82,SZ300773
967,2023-04-19,42.0,39.3,42.0,37.64,879525,1545394921.0,9.76,-12.0,-5.36,11.61,SZ300773
968,2023-04-20,38.6,37.04,39.0,36.7,572547,964063004.0,5.85,-5.75,-2.26,7.56,SZ300773
969,2023-04-21,36.66,34.74,36.92,34.7,436728,690876051.0,5.99,-6.21,-2.3,5.76,SZ300773
970,2023-04-24,35.12,34.88,35.54,34.72,273015,425014283.0,2.36,0.4,0.14,3.6,SZ300773
971,2023-04-25,34.72,34.2,35.2,33.72,224023,341252962.0,4.24,-1.95,-0.68,2.96,SZ300773
972,2023-04-26,34.2,34.04,35.02,33.8,240265,364067107.0,3.57,-0.47,-0.16,3.17,SZ300773
973,2023-04-27,33.8,33.44,34.26,33.34,183904,273482626.0,2.7,-1.76,-0.6,2.43,SZ300773
974,2023-04-28,34.72,37.9,38.34,34.72,616730,1009709339.0,10.83,13.34,4.46,8.14,SZ300773
975,2023-05-04,37.82,40.88,41.28,37.76,602362,1077075400.0,9.29,7.86,2.98,7.95,SZ300773
976,2023-05-05,40.48,40.8,41.32,39.72,336312,612459814.0,3.91,-0.2,-0.08,4.44,SZ300773
977,2023-05-08,40.84,41.04,41.88,40.4,284555,527850052.0,3.63,0.59,0.24,3.76,SZ300773
978,2023-05-09,40.66,40.74,42.98,40.56,397979,752291827.0,5.9,-0.73,-0.3,5.25,SZ300773
979,2023-05-10,40.74,41.02,41.8,40.3,290192,536306872.0,3.68,0.69,0.28,3.83,SZ300773
980,2023-05-11,41.6,41.76,42.84,41.04,342825,650319561.0,4.39,1.8,0.74,4.52,SZ300773
981,2023-05-12,41.2,40.94,42.6,40.88,265806,500664653.0,4.12,-1.96,-0.82,3.51,SZ300773
982,2023-05-15,40.82,40.52,41.4,39.28,288056,519460850.0,5.18,-1.03,-0.42,3.8,SZ300773
983,2023-05-16,40.52,39.2,40.52,38.98,226094,399512858.0,3.8,-3.26,-1.32,2.98,SZ300773
984,2023-05-17,39.0,39.12,39.84,38.94,161022,284935547.0,2.3,-0.2,-0.08,2.13,SZ300773
985,2023-05-18,39.3,39.46,40.34,38.9,189714,338606074.0,3.68,0.87,0.34,2.5,SZ300773
986,2023-05-19,39.48,39.16,39.88,38.78,150822,264691113.0,2.79,-0.76,-0.3,1.99,SZ300773
987,2023-05-22,38.8,38.94,39.4,38.78,109613,192157157.0,1.58,-0.56,-0.22,1.45,SZ300773
988,2023-05-23,39.18,39.42,40.32,38.54,231569,413879839.0,4.57,1.23,0.48,3.06,SZ300773
989,2023-05-24,39.44,40.06,40.28,38.9,209984,375385478.0,3.5,1.62,0.64,2.77,SZ300773
990,2023-05-25,39.74,39.6,40.96,39.02,226606,406223420.0,4.84,-1.15,-0.46,2.99,SZ300773
991,2023-05-26,39.54,38.58,39.8,38.4,202613,352217203.0,3.54,-2.58,-1.02,2.67,SZ300773
992,2023-05-29,38.7,37.74,39.04,37.54,172048,292717857.0,3.89,-2.18,-0.84,2.27,SZ300773
993,2023-05-30,37.44,38.54,38.98,37.16,165743,283328834.0,4.82,2.12,0.8,2.19,SZ300773
994,2023-05-31,38.44,38.4,39.18,38.28,134761,233658939.0,2.34,-0.36,-0.14,1.78,SZ300773
995,2023-06-01,38.42,39.76,40.32,38.04,213695,377085204.0,5.94,3.54,1.36,2.82,SZ300773
996,2023-06-02,40.1,40.7,41.98,40.1,269364,498580187.0,4.73,2.36,0.94,3.56,SZ300773
997,2023-06-05,40.44,40.46,41.2,40.4,148248,272153624.0,1.97,-0.59,-0.24,1.96,SZ300773
998,2023-06-06,40.4,39.14,40.66,39.02,152115,271857638.0,4.05,-3.26,-1.32,2.01,SZ300773
999,2023-06-07,39.22,39.54,40.34,38.88,115151,205503576.0,3.73,1.02,0.4,1.52,SZ300773
1000,2023-06-08,39.42,38.8,39.62,38.44,108324,188743421.0,2.98,-1.87,-0.74,1.43,SZ300773
1001,2023-06-09,38.98,38.28,39.12,37.7,166448,284375787.0,3.66,-1.34,-0.52,2.2,SZ300773
1002,2023-06-12,38.36,39.0,39.32,38.32,139799,244506442.0,2.61,1.88,0.72,1.85,SZ300773
1003,2023-06-13,38.86,40.6,41.3,38.64,228558,414011871.0,6.82,4.1,1.6,3.02,SZ300773
1004,2023-06-14,40.62,40.98,41.48,40.56,175579,324486125.0,2.27,0.94,0.38,2.32,SZ300773
1005,2023-06-15,40.9,40.22,41.2,40.02,134495,245081291.0,2.88,-1.85,-0.76,1.78,SZ300773
1006,2023-06-16,40.56,40.96,41.1,40.1,159615,293615820.0,2.49,1.84,0.74,2.11,SZ300773
1007,2023-06-19,40.88,41.4,41.76,40.86,197904,369498036.0,2.2,1.07,0.44,2.61,SZ300773
1008,2023-06-20,41.2,41.12,41.66,40.72,143488,266526321.0,2.27,-0.68,-0.28,1.89,SZ300773
1009,2023-06-21,40.82,39.9,41.14,39.9,125222,227456048.0,3.02,-2.97,-1.22,1.65,SZ300773
1010,2023-06-26,39.4,38.12,39.76,38.0,167716,289534192.0,4.41,-4.46,-1.78,2.21,SZ300773
1011,2023-06-27,38.02,38.42,38.86,38.02,94068,162447717.0,2.2,0.79,0.3,1.24,SZ300773
1012,2023-06-28,38.98,38.0,39.3,37.1,146864,248336478.0,5.73,-1.09,-0.42,1.94,SZ300773
1013,2023-06-29,37.84,38.5,38.74,37.8,117004,200585598.0,2.47,1.32,0.5,1.54,SZ300773
1014,2023-06-30,37.92,38.88,39.28,37.54,143040,247897768.0,4.52,0.99,0.38,1.89,SZ300773
1015,2023-07-03,38.8,39.64,40.56,38.8,167481,299333976.0,4.53,1.95,0.76,2.21,SZ300773
1016,2023-07-04,39.56,40.78,40.94,39.5,170384,311154264.0,3.63,2.88,1.14,2.25,SZ300773
1017,2023-07-05,40.9,39.86,41.18,39.82,137090,249611710.0,3.33,-2.26,-0.92,1.81,SZ300773
1018,2023-07-06,39.9,41.7,42.98,39.6,331791,624978860.0,8.48,4.62,1.84,4.38,SZ300773
1019,2023-07-07,41.64,42.84,43.5,41.0,300873,577805368.0,6.0,2.73,1.14,3.97,SZ300773
1020,2023-07-10,43.3,43.34,43.6,41.7,283389,550536191.0,4.44,1.17,0.5,3.74,SZ300773
1021,2023-07-11,43.32,43.84,44.32,42.94,232778,462315614.0,3.18,1.15,0.5,3.07,SZ300773
1022,2023-07-12,43.54,42.78,44.56,42.7,187621,369983478.0,4.24,-2.42,-1.06,2.48,SZ300773
1023,2023-07-13,42.94,43.96,44.7,42.92,231174,461423562.0,4.16,2.76,1.18,3.05,SZ300773
1024,2023-07-14,43.8,44.08,44.98,43.62,198542,402002271.0,3.09,0.27,0.12,2.62,SZ300773
1025,2023-07-17,43.94,44.16,44.74,43.8,156758,315164604.0,2.13,0.18,0.08,2.07,SZ300773
1026,2023-07-18,44.14,43.7,44.46,43.34,143952,286607536.0,2.54,-1.04,-0.46,1.9,SZ300773
1027,2023-07-19,44.04,43.14,44.94,42.98,151173,300336749.0,4.49,-1.28,-0.56,2.0,SZ300773
1028,2023-07-20,43.5,42.68,43.66,42.56,138671,270411340.0,2.55,-1.07,-0.46,1.83,SZ300773
1029,2023-07-21,42.68,42.72,43.2,42.48,96132,186425511.0,1.69,0.09,0.04,1.27,SZ300773
1030,2023-07-24,42.74,42.88,43.5,42.66,90472,176587259.0,1.97,0.37,0.16,1.19,SZ300773
1031,2023-07-25,43.4,42.44,43.54,42.32,126989,246651200.0,2.85,-1.03,-0.44,1.68,SZ300773
1032,2023-07-26,42.4,42.1,42.76,41.9,112421,215095771.0,2.03,-0.8,-0.34,1.48,SZ300773
1033,2023-07-27,41.96,41.1,42.32,41.02,169370,317978841.0,3.09,-2.38,-1.0,2.24,SZ300773
1034,2023-07-28,41.1,42.62,43.16,40.84,251537,481134421.0,5.64,3.7,1.52,3.32,SZ300773
1035,2023-07-31,41.46,40.72,41.72,39.2,326004,595175559.0,5.91,-4.46,-1.9,4.3,SZ300773
1036,2023-08-01,40.48,39.64,40.48,39.34,245056,437188651.0,2.8,-2.65,-1.08,3.23,SZ300773
1037,2023-08-02,39.54,39.38,39.74,39.16,143443,253576710.0,1.46,-0.66,-0.26,1.89,SZ300773
1038,2023-08-03,39.36,39.94,40.32,39.36,182092,326290115.0,2.44,1.42,0.56,2.4,SZ300773
1039,2023-08-04,40.38,45.18,46.16,40.38,756903,1524348929.0,14.47,13.12,5.24,10.31,SZ300773
1040,2023-08-07,45.0,45.8,45.98,44.28,534060,1104163441.0,3.76,1.37,0.62,7.27,SZ300773
1041,2023-08-08,45.66,44.46,45.7,44.06,339254,692514208.0,3.58,-2.93,-1.34,4.62,SZ300773
1042,2023-08-09,44.48,45.14,46.64,43.96,471601,982748521.0,6.03,1.53,0.68,6.42,SZ300773
1043,2023-08-10,44.68,44.8,45.46,44.02,318746,647510850.0,3.19,-0.75,-0.34,4.34,SZ300773
1044,2023-08-11,44.82,43.06,44.98,43.02,237310,471236266.0,4.38,-3.88,-1.74,3.23,SZ300773
1045,2023-08-14,42.64,42.98,43.32,42.14,182115,352726963.0,2.74,-0.19,-0.08,2.48,SZ300773
1046,2023-08-15,42.86,42.44,42.96,41.68,164887,314731638.0,2.98,-1.26,-0.54,2.25,SZ300773
1047,2023-08-16,42.36,42.54,43.58,41.88,225021,435349412.0,4.01,0.24,0.1,3.06,SZ300773
1048,2023-08-17,42.08,42.2,42.38,41.1,227345,429681613.0,3.01,-0.8,-0.34,3.1,SZ300773
1049,2023-08-18,42.2,41.08,42.94,41.06,204844,387466394.0,4.45,-2.65,-1.12,2.79,SZ300773
1050,2023-08-21,41.0,40.34,41.62,40.26,157646,290626050.0,3.31,-1.8,-0.74,2.15,SZ300773
1051,2023-08-22,40.7,41.88,41.92,40.42,290682,540152895.0,3.72,3.82,1.54,3.96,SZ300773
1052,2023-08-23,41.5,40.78,41.68,40.68,198113,367687329.0,2.39,-2.63,-1.1,2.7,SZ300773
1053,2023-08-24,41.02,41.48,42.12,40.78,282032,529173807.0,3.29,1.72,0.7,3.84,SZ300773
1054,2023-08-25,40.94,39.76,41.3,39.52,270053,488683847.0,4.29,-4.15,-1.72,3.68,SZ300773
1055,2023-08-28,44.0,40.36,44.0,40.22,416140,791858629.0,9.51,1.51,0.6,5.67,SZ300773
1056,2023-08-29,39.9,41.88,42.16,39.86,342953,640073442.0,5.7,3.77,1.52,4.67,SZ300773
1057,2023-08-30,41.62,41.9,42.14,41.24,254206,479747415.0,2.15,0.05,0.02,3.46,SZ300773
1058,2023-08-31,41.6,41.36,42.1,41.32,173033,325417968.0,1.86,-1.29,-0.54,2.36,SZ300773
1059,2023-09-01,41.36,40.84,41.74,40.44,173604,321659717.0,3.14,-1.26,-0.52,2.36,SZ300773
1060,2023-09-04,41.0,41.24,41.24,40.36,162971,300225159.0,2.15,0.98,0.4,2.22,SZ300773
1061,2023-09-05,41.16,40.72,42.1,40.56,181362,337180123.0,3.73,-1.26,-0.52,2.47,SZ300773
1062,2023-09-06,40.58,40.58,40.7,39.74,156300,282603122.0,2.36,-0.34,-0.14,2.13,SZ300773
1063,2023-09-07,40.4,39.9,40.64,39.9,114402,207160815.0,1.82,-1.68,-0.68,1.56,SZ300773
1064,2023-09-08,39.7,40.18,40.46,39.34,146925,263807523.0,2.81,0.7,0.28,2.0,SZ300773
1065,2023-09-11,40.32,40.4,40.78,39.62,143772,260865597.0,2.89,0.55,0.22,1.96,SZ300773
1066,2023-09-12,40.26,39.92,40.34,39.84,100298,180779867.0,1.24,-1.19,-0.48,1.37,SZ300773
1067,2023-09-13,39.8,40.96,41.26,39.64,291651,531500947.0,4.06,2.61,1.04,3.97,SZ300773
1068,2023-09-14,40.68,40.06,40.7,39.76,153775,278415462.0,2.29,-2.2,-0.9,2.09,SZ300773
1069,2023-09-15,40.2,40.26,40.42,39.8,94354,170526118.0,1.55,0.5,0.2,1.28,SZ300773
1070,2023-09-18,40.06,40.0,40.32,39.9,92883,167474616.0,1.04,-0.65,-0.26,1.26,SZ300773
1071,2023-09-19,40.06,39.06,40.06,39.06,127486,226455747.0,2.5,-2.35,-0.94,1.74,SZ300773
1072,2023-09-20,39.0,38.84,39.32,38.66,75377,131801618.0,1.69,-0.56,-0.22,1.03,SZ300773
1073,2023-09-21,38.86,38.7,39.06,38.48,68406,118872701.0,1.49,-0.36,-0.14,0.93,SZ300773
1074,2023-09-22,38.44,39.58,39.64,38.44,106438,187594596.0,3.1,2.27,0.88,1.45,SZ300773
1075,2023-09-25,39.38,38.94,39.56,38.8,86304,151143790.0,1.92,-1.62,-0.64,1.18,SZ300773
1076,2023-09-26,38.98,39.3,39.8,38.84,93315,165088659.0,2.47,0.92,0.36,1.27,SZ300773
1077,2023-09-27,39.18,39.22,39.7,39.02,82948,146788775.0,1.73,-0.2,-0.08,1.13,SZ300773
1078,2023-09-28,39.2,39.74,39.88,39.16,122849,219086862.0,1.84,1.33,0.52,1.67,SZ300773
1079,2023-10-09,39.6,39.74,40.16,39.44,80652,144167930.0,1.81,0.0,0.0,1.1,SZ300773
1080,2023-10-10,39.6,39.86,40.06,39.6,73482,131754774.0,1.16,0.3,0.12,1.0,SZ300773
1081,2023-10-11,40.04,39.92,40.5,39.7,96820,174413178.0,2.01,0.15,0.06,1.32,SZ300773
1082,2023-10-12,40.26,40.1,40.4,39.86,74424,134139678.0,1.35,0.45,0.18,1.01,SZ300773
1083,2023-10-13,39.92,39.12,39.92,39.08,104543,184899261.0,2.09,-2.44,-0.98,1.42,SZ300773
1084,2023-10-16,39.1,37.84,39.22,37.4,158921,269753010.0,4.65,-3.27,-1.28,2.16,SZ300773
1085,2023-10-17,38.66,40.5,40.78,38.52,388722,699549550.0,5.97,7.03,2.66,5.29,SZ300773
1086,2023-10-18,39.82,39.42,40.08,38.8,220851,390854205.0,3.16,-2.67,-1.08,3.01,SZ300773
1087,2023-10-19,39.18,38.48,40.0,38.4,168582,295967872.0,4.06,-2.38,-0.94,2.3,SZ300773
1088,2023-10-20,38.0,38.0,38.72,37.8,119391,203810208.0,2.39,-1.25,-0.48,1.63,SZ300773
1089,2023-10-23,38.12,36.96,38.4,36.64,141871,235834252.0,4.63,-2.74,-1.04,1.93,SZ300773
1090,2023-10-24,37.18,37.76,38.0,36.04,141890,236296571.0,5.3,2.16,0.8,1.93,SZ300773
1091,2023-10-25,37.92,37.8,38.38,37.52,111638,189501780.0,2.28,0.11,0.04,1.52,SZ300773
1092,2023-10-26,37.5,38.24,38.52,37.22,117662,199768481.0,3.44,1.16,0.44,1.6,SZ300773
1093,2023-10-27,38.0,38.66,38.72,37.7,134850,230753594.0,2.67,1.1,0.42,1.84,SZ300773
1094,2023-10-30,38.4,38.96,39.14,38.36,124119,215871171.0,2.02,0.78,0.3,1.69,SZ300773
1095,2023-10-31,39.0,38.66,39.06,38.4,87170,151163828.0,1.69,-0.77,-0.3,1.19,SZ300773
1096,2023-11-01,38.8,38.52,39.0,38.46,64524,111819294.0,1.4,-0.36,-0.14,0.88,SZ300773
1097,2023-11-02,38.54,38.16,38.9,38.16,72629,125197560.0,1.92,-0.93,-0.36,0.99,SZ300773
1098,2023-11-03,38.16,38.56,38.76,38.16,74861,129423440.0,1.57,1.05,0.4,1.02,SZ300773
1099,2023-11-06,38.7,39.42,39.6,38.7,160941,283943821.0,2.33,2.23,0.86,2.19,SZ300773
1100,2023-11-07,39.28,39.26,39.44,38.8,130177,228760388.0,1.62,-0.41,-0.16,1.77,SZ300773
1101,2023-11-08,39.28,39.16,39.56,38.84,156815,276416626.0,1.83,-0.25,-0.1,2.14,SZ300773
1102,2023-11-09,39.0,38.98,39.56,38.74,112293,197072713.0,2.09,-0.46,-0.18,1.53,SZ300773
1103,2023-11-10,38.82,38.52,38.84,38.3,93214,160732333.0,1.39,-1.18,-0.46,1.27,SZ300773
1104,2023-11-13,38.74,39.26,39.42,38.64,153867,270410330.0,2.02,1.92,0.74,2.1,SZ300773
1105,2023-11-14,39.2,39.64,39.84,39.06,158262,281425549.0,1.99,0.97,0.38,2.16,SZ300773
1106,2023-11-15,40.2,39.8,40.4,39.62,171519,308061861.0,1.97,0.4,0.16,2.34,SZ300773
1107,2023-11-16,39.8,39.8,40.2,39.54,151080,270892412.0,1.66,0.0,0.0,2.06,SZ300773
1108,2023-11-17,39.62,39.62,39.8,39.2,109355,193779693.0,1.51,-0.45,-0.18,1.49,SZ300773
1109,2023-11-20,39.66,39.84,39.92,39.22,107902,192230735.0,1.77,0.56,0.22,1.47,SZ300773
1110,2023-11-21,40.1,39.7,40.34,39.58,140547,253194041.0,1.91,-0.35,-0.14,1.91,SZ300773
1111,2023-11-22,39.52,39.26,40.02,39.26,109929,195549771.0,1.91,-1.11,-0.44,1.5,SZ300773
1112,2023-11-23,39.22,39.3,39.38,38.4,108093,188951761.0,2.5,0.1,0.04,1.47,SZ300773
1113,2023-11-24,39.22,38.24,39.28,38.02,143271,246195011.0,3.21,-2.7,-1.06,1.95,SZ300773
1114,2023-11-27,38.14,38.32,38.58,38.04,72862,124806720.0,1.41,0.21,0.08,0.99,SZ300773
1115,2023-11-28,38.28,38.24,38.44,37.66,90903,154818905.0,2.04,-0.21,-0.08,1.24,SZ300773
1116,2023-11-29,38.22,37.9,38.22,37.74,67971,115282959.0,1.26,-0.89,-0.34,0.93,SZ300773
1117,2023-11-30,37.88,37.56,37.98,37.3,79803,133935406.0,1.79,-0.9,-0.34,1.09,SZ300773
1118,2023-12-01,37.7,38.4,38.72,37.46,104596,178345676.0,3.35,2.24,0.84,1.42,SZ300773
1119,2023-12-04,38.36,38.52,38.94,38.34,91668,158849349.0,1.56,0.31,0.12,1.25,SZ300773
1120,2023-12-05,38.4,37.42,38.4,37.42,85678,145028143.0,2.54,-2.86,-1.1,1.17,SZ300773
1121,2023-12-06,37.4,37.58,37.92,37.14,64408,107913487.0,2.08,0.43,0.16,0.88,SZ300773
1122,2023-12-07,37.54,37.98,38.1,37.4,76715,129828306.0,1.86,1.06,0.4,1.04,SZ300773
1123,2023-12-08,37.96,37.58,38.2,37.58,87883,148543124.0,1.63,-1.05,-0.4,1.2,SZ300773
1124,2023-12-11,37.38,38.38,38.48,37.02,91705,154944546.0,3.89,2.13,0.8,1.25,SZ300773
1125,2023-12-12,38.28,38.5,38.8,38.26,81139,140103010.0,1.41,0.31,0.12,1.1,SZ300773
1126,2023-12-13,38.6,37.96,38.6,37.94,64537,110499440.0,1.71,-1.4,-0.54,0.88,SZ300773
1127,2023-12-14,37.96,37.44,38.44,37.3,85891,145188489.0,3.0,-1.37,-0.52,1.17,SZ300773
1128,2023-12-15,37.6,37.36,37.78,37.2,66816,111643255.0,1.55,-0.21,-0.08,0.91,SZ300773
1129,2023-12-18,37.3,36.46,37.44,36.4,81150,133190873.0,2.78,-2.41,-0.9,1.11,SZ300773
1130,2023-12-19,36.6,36.78,36.9,36.2,59431,97008290.0,1.92,0.88,0.32,0.81,SZ300773
1131,2023-12-20,36.86,35.94,36.9,35.9,60662,98003579.0,2.72,-2.28,-0.84,0.83,SZ300773
1132,2023-12-21,35.8,36.04,36.2,35.56,63679,101436689.0,1.78,0.28,0.1,0.87,SZ300773
1133,2023-12-22,36.0,35.2,36.04,35.02,93940,147715269.0,2.83,-2.33,-0.84,1.28,SZ300773
1134,2023-12-25,35.32,35.3,35.64,35.22,53889,84684296.0,1.19,0.28,0.1,0.73,SZ300773
1135,2023-12-26,35.14,34.74,35.44,34.6,59095,91430844.0,2.38,-1.59,-0.56,0.8,SZ300773
1136,2023-12-27,34.7,34.88,34.98,34.58,49235,75834784.0,1.15,0.4,0.14,0.67,SZ300773
1137,2023-12-28,34.9,35.62,35.88,34.52,82944,130271977.0,3.9,2.12,0.74,1.13,SZ300773
1138,2023-12-29,35.54,36.08,36.12,35.54,69171,110483091.0,1.63,1.29,0.46,0.94,SZ300773
1139,2024-01-02,36.06,35.76,36.2,35.74,56487,90231135.0,1.27,-0.89,-0.32,0.77,SZ300773
1140,2024-01-03,35.68,35.56,35.84,35.22,55979,88349351.0,1.73,-0.56,-0.2,0.76,SZ300773
1141,2024-01-04,35.46,35.32,35.82,35.24,54830,86317218.0,1.63,-0.67,-0.24,0.75,SZ300773
1142,2024-01-05,35.48,34.88,35.5,34.74,49676,77425827.0,2.15,-1.25,-0.44,0.68,SZ300773
1143,2024-01-08,34.8,34.26,34.98,34.26,53474,81660059.0,2.06,-1.78,-0.62,0.73,SZ300773
1144,2024-01-09,34.34,33.78,34.6,33.66,68136,102555892.0,2.74,-1.4,-0.48,0.93,SZ300773
1145,2024-01-10,34.04,33.44,34.04,32.98,70439,103689746.0,3.14,-1.01,-0.34,0.96,SZ300773
1146,2024-01-11,33.56,34.1,34.32,33.26,72364,108465319.0,3.17,1.97,0.66,0.99,SZ300773
1147,2024-01-12,34.18,33.84,34.18,33.72,52918,79216721.0,1.35,-0.76,-0.26,0.72,SZ300773
1148,2024-01-15,33.7,33.94,34.3,33.4,48592,72705589.0,2.66,0.3,0.1,0.66,SZ300773
1149,2024-01-16,33.88,34.1,34.1,33.4,52459,78098774.0,2.06,0.47,0.16,0.71,SZ300773
1150,2024-01-17,34.0,33.58,34.22,33.54,47613,71198186.0,1.99,-1.52,-0.52,0.65,SZ300773
1151,2024-01-18,33.32,33.72,33.78,32.8,87308,127578129.0,2.92,0.42,0.14,1.19,SZ300773
1152,2024-01-19,33.6,32.76,33.68,32.72,69653,101372862.0,2.85,-2.85,-0.96,0.95,SZ300773
1153,2024-01-22,32.82,31.18,32.9,30.84,95487,133417210.0,6.29,-4.82,-1.58,1.3,SZ300773
1154,2024-01-23,31.26,31.98,32.14,31.08,77332,107281286.0,3.4,2.57,0.8,1.05,SZ300773
1155,2024-01-24,32.14,33.24,33.4,31.58,126018,179571271.0,5.69,3.94,1.26,1.72,SZ300773
1156,2024-01-25,33.12,33.54,33.76,32.9,112744,165558724.0,2.59,0.9,0.3,1.54,SZ300773
1157,2024-01-26,33.38,33.1,33.6,33.06,88950,130392519.0,1.61,-1.31,-0.44,1.21,SZ300773
1158,2024-01-29,33.3,32.62,33.48,32.56,71902,104084170.0,2.78,-1.45,-0.48,0.98,SZ300773
1159,2024-01-30,32.54,31.64,32.86,31.56,67377,94737869.0,3.99,-3.0,-0.98,0.92,SZ300773
1160,2024-01-31,31.2,30.2,31.7,30.12,99403,133236423.0,4.99,-4.55,-1.44,1.35,SZ300773
1161,2024-02-01,30.28,31.54,31.88,30.24,103394,139861712.08,5.43,4.44,1.34,1.41,SZ300773
